<assembly
	xmlns="http://maven.apache.org/plugins/maven-assembly-plugin/assembly/1.1.0"
	xmlns:xsi="http://www.w3.org/2001/XMLSchema-instance"
	xsi:schemaLocation="http://maven.apache.org/plugins/maven-assembly-plugin/assembly/1.1.0 http://maven.apache.org/xsd/assembly-1.1.0.xsd">
	<id>bin</id>
	<formats>
		<format>tar.gz</format>
		<format>zip</format>
	</formats>
	<includeBaseDirectory>false</includeBaseDirectory>
	<fileSets>
		<fileSet>
			<directory>src/main/resources/bin</directory>
			<outputDirectory>bin</outputDirectory>
			<includes>
				<include>*</include>
			</includes>
			<fileMode>0755</fileMode>
			<filtered>true</filtered>
		</fileSet>
		<fileSet>
			<directory>src/main/resources/conf</directory>
			<outputDirectory>conf</outputDirectory>
			<includes>
				<include>*</include>
			</includes>
			<fileMode>0755</fileMode>
			<filtered>true</filtered>
		</fileSet>
	</fileSets>
	<dependencySets>
		<dependencySet>
			<outputDirectory>lib</outputDirectory>
			<scope>runtime</scope>
		</dependencySet>
	</dependencySets>
</assembly>