<?xml version="1.0" encoding="UTF-8"?>
<!DOCTYPE generatorConfiguration
        PUBLIC "-//mybatis.org//DTD MyBatis Generator Configuration 1.0//EN"
        "http://mybatis.org/dtd/mybatis-generator-config_1_0.dtd">
<generatorConfiguration>
    <properties resource="generatorConfig.properties"/>
    <context id="mysqlContext" targetRuntime="MyBatis3Simple" defaultModelType="flat">
        <property name="beginningDelimiter" value="`"/>
        <property name="endingDelimiter" value="`"/>
        <property name="useActualColumnNames" value="false" />

        <!-- 这里引入扩展插件-->
        <plugin type="org.mybatis.generator.plugins.SerializablePlugin"></plugin>

        <commentGenerator>
            <property name="suppressDate" value="true"/>
            <!-- 是否去除自动生成的注释 true：是 ： false:否 -->
            <property name="suppressAllComments" value="true"/>
        </commentGenerator>


        <jdbcConnection driverClass="${jdbc.driver}"
                        connectionURL="${jdbc.url}"
                        userId="${jdbc.username}"
                        password="${jdbc.password}"/>
        <!--  默认false，把JDBC DECIMAL 和 NUMERIC 类型解析为 Integer
          true，把JDBC DECIMAL 和 NUMERIC 类型解析为java.math.BigDecimal -->
        <!--
        <javaTypeResolver >
            <property name="forceBigDecimals" value="true" />
        </javaTypeResolver>-->

        <javaModelGenerator targetPackage="${entity.package}" targetProject="src/main/java">
            <!-- enableSubPackages:是否让schema作为包的后缀 -->
            <property name="enableSubPackages" value="false" />
            <!-- 从数据库返回的值被清理前后的空格  -->
            <property name="trimStrings" value="true" />
        </javaModelGenerator>

        <sqlMapGenerator targetPackage="sql-mapper"  targetProject="src/main/resources">
            <property name="enableSubPackages" value="false" />
        </sqlMapGenerator>


        <javaClientGenerator type="XMLMAPPER" targetPackage="${mapper.package}" targetProject="src/main/java">
         <property name="enableSubPackages" value="false" />
        </javaClientGenerator>

        <table tableName="${table.name}" domainObjectName="${objectname}">
            <!--忽略字段
            <ignoreColumn column="FRED" />
            <generatedKey column="id" sqlStatement="Mysql"/>-->
        </table>

    </context>
</generatorConfiguration>