<?xml version="1.0" encoding="utf-8"?>
<beans xmlns="http://www.springframework.org/schema/beans"
       xmlns:xsi="http://www.w3.org/2001/XMLSchema-instance"
       xsi:schemaLocation="http://www.springframework.org/schema/beans
		http://www.springframework.org/schema/beans/spring-beans-3.0.xsd"
       default-autowire="byName">

    <bean id="redisSentinelConfiguration"
          class="org.springframework.data.redis.connection.RedisSentinelConfiguration">

        <constructor-arg name="master" value="mymaster"/>
        <constructor-arg name="sentinelHostAndPorts">
            <set>
                <value>${redis1.sentinels}</value>
            </set>
        </constructor-arg>
    </bean>

    <bean id="jedisConnectionFactory" class="org.springframework.data.redis.connection.jedis.JedisConnectionFactory">
        <constructor-arg name="sentinelConfig" ref="redisSentinelConfiguration"/>
        <property name="usePool" value="true" />
        <property name="poolConfig" ref="jedisPoolConfig" />
    </bean>

    <!-- jedis pool配置 -->
    <bean id="jedisPoolConfig" class="redis.clients.jedis.JedisPoolConfig">
        <property name="maxTotal" value="${redis.maxActive}" />
        <property name="maxIdle" value="${redis.maxIdle}" />
        <property name="maxWaitMillis" value="${redis.maxWait}" />
        <property name="testOnBorrow" value="${redis.testOnBorrow}" />
        <property name="testWhileIdle" value="true" />
    </bean>


    <!-- Redis Template -->
    <bean id = "redisTemplate" class="org.springframework.data.redis.core.RedisTemplate">
        <property name="connectionFactory" ref="jedisConnectionFactory"/>
        <property name="keySerializer">
            <bean class="org.springframework.data.redis.serializer.StringRedisSerializer" />
        </property>
    </bean>

    <!-- Redis String-Template -->
    <bean id="stringRedisTemplate" class="org.springframework.data.redis.core.StringRedisTemplate">
        <property name="connectionFactory" ref="jedisConnectionFactory" />
    </bean>


    <!--新的redis，用于实名制校验-->
    <bean id="jedisSentinelPool" class="redis.clients.jedis.JedisSentinelPool">
        <constructor-arg index="0" value="mymaster" />
        <constructor-arg index="1">
            <set>
                <value>${redis1.sentinels}</value>
            </set>
        </constructor-arg>
        <constructor-arg index="2" ref="jedisPoolConfig" />
    </bean>

    <bean class="com.wx.util.JedisUtil" />

</beans>