<?xml version="1.0" encoding="UTF-8"?>
<!DOCTYPE mapper PUBLIC "-//mybatis.org//DTD Mapper 3.0//EN" "http://mybatis.org/dtd/mybatis-3-mapper.dtd">
<mapper namespace="com.wx.ecShopMapper.EsGoodsMapper">
  <resultMap id="BaseResultMap" type="com.wx.ecShopDomain.EsGoods">
    <!--
      WARNING - @mbggenerated
      This element is automatically generated by MyBatis Generator, do not modify.
    -->
    <id column="GOODS_ID" jdbcType="BIGINT" property="goodsId" />
    <result column="GOODS_NO" jdbcType="VARCHAR" property="goodsNo" />
    <result column="BASE_PRODUCT_ID" jdbcType="BIGINT" property="baseProductId" />
    <result column="BASE_CAT_ID" jdbcType="BIGINT" property="baseCatId" />
    <result column="GOODS_NAME" jdbcType="VARCHAR" property="goodsName" />
    <result column="BRAND_ID" jdbcType="BIGINT" property="brandId" />
    <result column="GOODS_NUMBER" jdbcType="BIGINT" property="goodsNumber" />
    <result column="GOODS_WEIGHT" jdbcType="DECIMAL" property="goodsWeight" />
    <result column="MARKET_PRICE" jdbcType="DECIMAL" property="marketPrice" />
    <result column="SHOP_PRICE" jdbcType="DECIMAL" property="shopPrice" />
    <result column="PROMOTE_PRICE" jdbcType="DECIMAL" property="promotePrice" />
    <result column="PROMOTE_START_DATE" jdbcType="VARCHAR" property="promoteStartDate" />
    <result column="PROMOTE_END_DATE" jdbcType="VARCHAR" property="promoteEndDate" />
    <result column="WAP_SHOP_PRICE" jdbcType="DECIMAL" property="wapShopPrice" />
    <result column="ISWAP" jdbcType="VARCHAR" property="iswap" />
    <result column="STAR" jdbcType="DECIMAL" property="star" />
    <result column="ALIVE" jdbcType="BIGINT" property="alive" />
    <result column="SALES_MODEL" jdbcType="VARCHAR" property="salesModel" />
    <result column="WARN_NUMBER" jdbcType="BIGINT" property="warnNumber" />
    <result column="GOODS_DESC" jdbcType="VARCHAR" property="goodsDesc" />
    <result column="GOODS_VIDEO" jdbcType="VARCHAR" property="goodsVideo" />
    <result column="GOODS_VIDEO_THUMB" jdbcType="VARCHAR" property="goodsVideoThumb" />
    <result column="IS_REAL" jdbcType="BIGINT" property="isReal" />
    <result column="EXTENSION_CODE" jdbcType="VARCHAR" property="extensionCode" />
    <result column="IS_ON_SALE" jdbcType="BIGINT" property="isOnSale" />
    <result column="SALE_TYPE" jdbcType="BIGINT" property="saleType" />
    <result column="INTEGRAL" jdbcType="BIGINT" property="integral" />
    <result column="ADD_TIME" jdbcType="VARCHAR" property="addTime" />
    <result column="DELETE_FLAG" jdbcType="VARCHAR" property="deleteFlag" />
    <result column="BONUS_TYPE_ID" jdbcType="BIGINT" property="bonusTypeId" />
    <result column="LAST_UPDATE" jdbcType="VARCHAR" property="lastUpdate" />
    <result column="GOODS_TYPE" jdbcType="BIGINT" property="goodsType" />
    <result column="GIVE_INTEGRAL" jdbcType="BIGINT" property="giveIntegral" />
    <result column="CATEGORY_ID" jdbcType="BIGINT" property="categoryId" />
    <result column="IS_CHECK" jdbcType="BIGINT" property="isCheck" />
    <result column="FORUM_ID" jdbcType="BIGINT" property="forumId" />
    <result column="REF_URL" jdbcType="VARCHAR" property="refUrl" />
    <result column="REF_URL1" jdbcType="VARCHAR" property="refUrl1" />
    <result column="REF_URL2" jdbcType="VARCHAR" property="refUrl2" />
    <result column="REF_URL3" jdbcType="VARCHAR" property="refUrl3" />
    <result column="MARKET_DATE" jdbcType="VARCHAR" property="marketDate" />
    <result column="GOODS_WEIGHT_UNIT" jdbcType="VARCHAR" property="goodsWeightUnit" />
    <result column="GOODS_PACK_INFO" jdbcType="VARCHAR" property="goodsPackInfo" />
    <result column="GOODS_SALE_SERVICE" jdbcType="VARCHAR" property="goodsSaleService" />
    <result column="IMAGESID2" jdbcType="VARCHAR" property="imagesid2" />
    <result column="IMAGESID3" jdbcType="VARCHAR" property="imagesid3" />
    <result column="VPRICE" jdbcType="BIGINT" property="vprice" />
    <result column="IMAGESID" jdbcType="VARCHAR" property="imagesid" />
    <result column="GOODS_NO_BF12" jdbcType="VARCHAR" property="goodsNoBf12" />
    <result column="BF_FILENAME" jdbcType="VARCHAR" property="bfFilename" />
    <result column="IMAGESID4" jdbcType="VARCHAR" property="imagesid4" />
    <result column="SHOP_PRICE_BACK" jdbcType="DECIMAL" property="shopPriceBack" />
    <result column="EVALUATE_PSNUM" jdbcType="BIGINT" property="evaluatePsnum" />
    <result column="CATEGORY_CODE" jdbcType="VARCHAR" property="categoryCode" />
    <result column="EQUALCHARGE_MONEY" jdbcType="DECIMAL" property="equalchargeMoney" />
    <result column="MEMBER_LIMIT" jdbcType="BIGINT" property="memberLimit" />
    <result column="ALL_LIMIT" jdbcType="BIGINT" property="allLimit" />
    <result column="SALE_NUMBER" jdbcType="BIGINT" property="saleNumber" />
    <result column="TYPE_SEQ_NO" jdbcType="BIGINT" property="typeSeqNo" />
    <result column="UNIFORM_PRICE" jdbcType="DECIMAL" property="uniformPrice" />
    <result column="CHECK_FLAG" jdbcType="VARCHAR" property="checkFlag" />
    <result column="CREATE_TIME" jdbcType="TIMESTAMP" property="createTime" />
    <result column="CREATE_USER" jdbcType="VARCHAR" property="createUser" />
    <result column="MODIFY_TIME" jdbcType="TIMESTAMP" property="modifyTime" />
    <result column="MODIFY_USER" jdbcType="VARCHAR" property="modifyUser" />
    <result column="ESS_SYNC_FLAG" jdbcType="BIGINT" property="essSyncFlag" />
    <result column="MEMBER_ALL_LIMIT" jdbcType="BIGINT" property="memberAllLimit" />
    <result column="ERP_GOODS_STOCK" jdbcType="BIGINT" property="erpGoodsStock" />
    <result column="SIMCARD_STYLE" jdbcType="BIGINT" property="simcardStyle" />
    <result column="GOODS_IP_LIMIT" jdbcType="BIGINT" property="goodsIpLimit" />
    <result column="PAYS_MODEL" jdbcType="VARCHAR" property="paysModel" />
    <result column="IMAGESID5" jdbcType="VARCHAR" property="imagesid5" />
    <result column="IS_NEED_INVOICE" jdbcType="VARCHAR" property="isNeedInvoice" />
    <result column="IS_GIFT" jdbcType="VARCHAR" property="isGift" />
    <result column="RED_NAME_SHORT" jdbcType="VARCHAR" property="redNameShort" />
    <result column="SPREAD_PIC" jdbcType="VARCHAR" property="spreadPic" />
    <result column="IS_READY" jdbcType="VARCHAR" property="isReady" />
    <result column="IS_RETURN_ABLE" jdbcType="VARCHAR" property="isReturnAble" />
    <result column="IS_CHANGE_ABLE" jdbcType="VARCHAR" property="isChangeAble" />
    <result column="IS_RECOMMEND" jdbcType="VARCHAR" property="isRecommend" />
    <result column="IS_RECORD_SALES" jdbcType="VARCHAR" property="isRecordSales" />
    <result column="DESC_DETAIL2" jdbcType="VARCHAR" property="descDetail2" />
    <result column="WEIGHT_FACTOR" jdbcType="BIGINT" property="weightFactor" />
    <result column="LAST_MODIFY_TIME" jdbcType="TIMESTAMP" property="lastModifyTime" />
    <result column="SALE_SERVICE" jdbcType="BIGINT" property="saleService" />
    <result column="LIKE_NUM" jdbcType="BIGINT" property="likeNum" />
    <result column="GIVE_GOlDBEAN" jdbcType="BIGINT" property="giveGoldbean" />
    <result column="GOODS_PRICE_TYPE" jdbcType="VARCHAR" property="goodsPriceType" />
    <result column="SHOP_PRICE_TYPE" jdbcType="VARCHAR" property="shopPriceType" />
    <result column="MEMBER_TYPE_RESTRICTION" jdbcType="VARCHAR" property="memberTypeRestriction" />
    <result column="MEASNAME" jdbcType="VARCHAR" property="measname" />
    <result column="TAX_RATE" jdbcType="INTEGER" property="taxRate" />
    <result column="IS_RATE_SAME" jdbcType="INTEGER" property="isRateSame" />
    <result column="SILVER_INTEGERAl" jdbcType="INTEGER" property="silverIntegeral" />
  </resultMap>
  <resultMap extends="BaseResultMap" id="ResultMapWithBLOBs" type="com.wx.ecShopDomain.EsGoods">
    <!--
      WARNING - @mbggenerated
      This element is automatically generated by MyBatis Generator, do not modify.
    -->
    <result column="BASE_MODEL" jdbcType="LONGVARCHAR" property="baseModel" />
    <result column="BASE_CAT_NAME" jdbcType="LONGVARCHAR" property="baseCatName" />
    <result column="BASE_BRAND_ID" jdbcType="LONGVARCHAR" property="baseBrandId" />
    <result column="BASE_BRAND_NAME" jdbcType="LONGVARCHAR" property="baseBrandName" />
    <result column="BASE_BUSSINESS_NODEL" jdbcType="LONGVARCHAR" property="baseBussinessNodel" />
    <result column="BASE_COLOR" jdbcType="LONGVARCHAR" property="baseColor" />
    <result column="BASE_PURCHASE_MODEL" jdbcType="LONGVARCHAR" property="basePurchaseModel" />
    <result column="PROMOTE_TITLE" jdbcType="LONGVARCHAR" property="promoteTitle" />
    <result column="GOODS_BRIEF" jdbcType="LONGVARCHAR" property="goodsBrief" />
    <result column="GOODS_THUMB" jdbcType="LONGVARCHAR" property="goodsThumb" />
    <result column="GOODS_IMG" jdbcType="LONGVARCHAR" property="goodsImg" />
    <result column="GOODS_MIDDLE_IMG" jdbcType="LONGVARCHAR" property="goodsMiddleImg" />
    <result column="SEO_TITLE" jdbcType="LONGVARCHAR" property="seoTitle" />
    <result column="SEO_KEYWORDS" jdbcType="LONGVARCHAR" property="seoKeywords" />
    <result column="SEO_DESCRIPTION" jdbcType="LONGVARCHAR" property="seoDescription" />
    <result column="GOODS_NAME_MIDDLE" jdbcType="LONGVARCHAR" property="goodsNameMiddle" />
    <result column="GOODS_NAME_LONG" jdbcType="LONGVARCHAR" property="goodsNameLong" />
    <result column="PROMOTE_TITLE_2" jdbcType="LONGVARCHAR" property="promoteTitle2" />
    <result column="GOODS_THUMB_33" jdbcType="LONGVARCHAR" property="goodsThumb33" />
    <result column="GOODS_VIDEO_THUMB_45" jdbcType="LONGVARCHAR" property="goodsVideoThumb45" />
    <result column="BASE_M_SHOP" jdbcType="LONGVARCHAR" property="baseMShop" />
    <result column="BASE_M_BACKUP" jdbcType="LONGVARCHAR" property="baseMBackup" />
    <result column="WAP_DESC" jdbcType="LONGVARCHAR" property="wapDesc" />
    <result column="ACCESSORIES_IMG" jdbcType="LONGVARCHAR" property="accessoriesImg" />
    <result column="PRODUCT_MODEL" jdbcType="LONGVARCHAR" property="productModel" />
    <result column="RED_NAME_LONG" jdbcType="LONGVARCHAR" property="redNameLong" />
  </resultMap>
  <sql id="Example_Where_Clause">
    <!--
      WARNING - @mbggenerated
      This element is automatically generated by MyBatis Generator, do not modify.
    -->
    <where>
      <foreach collection="oredCriteria" item="criteria" separator="or">
        <if test="criteria.valid">
          <trim prefix="(" prefixOverrides="and" suffix=")">
            <foreach collection="criteria.criteria" item="criterion">
              <choose>
                <when test="criterion.noValue">
                  and ${criterion.condition}
                </when>
                <when test="criterion.singleValue">
                  and ${criterion.condition} #{criterion.value}
                </when>
                <when test="criterion.betweenValue">
                  and ${criterion.condition} #{criterion.value} and #{criterion.secondValue}
                </when>
                <when test="criterion.listValue">
                  and ${criterion.condition}
                  <foreach close=")" collection="criterion.value" item="listItem" open="(" separator=",">
                    #{listItem}
                  </foreach>
                </when>
              </choose>
            </foreach>
          </trim>
        </if>
      </foreach>
    </where>
  </sql>
  <sql id="Update_By_Example_Where_Clause">
    <!--
      WARNING - @mbggenerated
      This element is automatically generated by MyBatis Generator, do not modify.
    -->
    <where>
      <foreach collection="example.oredCriteria" item="criteria" separator="or">
        <if test="criteria.valid">
          <trim prefix="(" prefixOverrides="and" suffix=")">
            <foreach collection="criteria.criteria" item="criterion">
              <choose>
                <when test="criterion.noValue">
                  and ${criterion.condition}
                </when>
                <when test="criterion.singleValue">
                  and ${criterion.condition} #{criterion.value}
                </when>
                <when test="criterion.betweenValue">
                  and ${criterion.condition} #{criterion.value} and #{criterion.secondValue}
                </when>
                <when test="criterion.listValue">
                  and ${criterion.condition}
                  <foreach close=")" collection="criterion.value" item="listItem" open="(" separator=",">
                    #{listItem}
                  </foreach>
                </when>
              </choose>
            </foreach>
          </trim>
        </if>
      </foreach>
    </where>
  </sql>
  <sql id="Base_Column_List">
    <!--
      WARNING - @mbggenerated
      This element is automatically generated by MyBatis Generator, do not modify.
    -->
    GOODS_ID, GOODS_NO, BASE_PRODUCT_ID, BASE_CAT_ID, GOODS_NAME, BRAND_ID, GOODS_NUMBER, 
    GOODS_WEIGHT, MARKET_PRICE, SHOP_PRICE, PROMOTE_PRICE, PROMOTE_START_DATE, PROMOTE_END_DATE, 
    WAP_SHOP_PRICE, ISWAP, STAR, ALIVE, SALES_MODEL, WARN_NUMBER, GOODS_DESC, GOODS_VIDEO, 
    GOODS_VIDEO_THUMB, IS_REAL, EXTENSION_CODE, IS_ON_SALE, SALE_TYPE, INTEGRAL, ADD_TIME, 
    DELETE_FLAG, BONUS_TYPE_ID, LAST_UPDATE, GOODS_TYPE, GIVE_INTEGRAL, CATEGORY_ID, 
    IS_CHECK, FORUM_ID, REF_URL, REF_URL1, REF_URL2, REF_URL3, MARKET_DATE, GOODS_WEIGHT_UNIT, 
    GOODS_PACK_INFO, GOODS_SALE_SERVICE, IMAGESID2, IMAGESID3, VPRICE, IMAGESID, GOODS_NO_BF12, 
    BF_FILENAME, IMAGESID4, SHOP_PRICE_BACK, EVALUATE_PSNUM, CATEGORY_CODE, EQUALCHARGE_MONEY, 
    MEMBER_LIMIT, ALL_LIMIT, SALE_NUMBER, TYPE_SEQ_NO, UNIFORM_PRICE, CHECK_FLAG, CREATE_TIME, 
    CREATE_USER, MODIFY_TIME, MODIFY_USER, ESS_SYNC_FLAG, MEMBER_ALL_LIMIT, ERP_GOODS_STOCK, 
    SIMCARD_STYLE, GOODS_IP_LIMIT, PAYS_MODEL, IMAGESID5, IS_NEED_INVOICE, IS_GIFT, RED_NAME_SHORT, 
    SPREAD_PIC, IS_READY, IS_RETURN_ABLE, IS_CHANGE_ABLE, IS_RECOMMEND, IS_RECORD_SALES, 
    DESC_DETAIL2, WEIGHT_FACTOR, LAST_MODIFY_TIME, SALE_SERVICE, LIKE_NUM, GIVE_GOlDBEAN, 
    GOODS_PRICE_TYPE, SHOP_PRICE_TYPE, MEMBER_TYPE_RESTRICTION, MEASNAME, TAX_RATE, IS_RATE_SAME, 
    SILVER_INTEGERAl
  </sql>
  <sql id="Blob_Column_List">
    <!--
      WARNING - @mbggenerated
      This element is automatically generated by MyBatis Generator, do not modify.
    -->
    BASE_MODEL, BASE_CAT_NAME, BASE_BRAND_ID, BASE_BRAND_NAME, BASE_BUSSINESS_NODEL, 
    BASE_COLOR, BASE_PURCHASE_MODEL, PROMOTE_TITLE, GOODS_BRIEF, GOODS_THUMB, GOODS_IMG, 
    GOODS_MIDDLE_IMG, SEO_TITLE, SEO_KEYWORDS, SEO_DESCRIPTION, GOODS_NAME_MIDDLE, GOODS_NAME_LONG, 
    PROMOTE_TITLE_2, GOODS_THUMB_33, GOODS_VIDEO_THUMB_45, BASE_M_SHOP, BASE_M_BACKUP, 
    WAP_DESC, ACCESSORIES_IMG, PRODUCT_MODEL, RED_NAME_LONG
  </sql>
  <select id="selectByExampleWithBLOBs" parameterType="com.wx.ecShopDomain.EsGoodsExample" resultMap="ResultMapWithBLOBs">
    <!--
      WARNING - @mbggenerated
      This element is automatically generated by MyBatis Generator, do not modify.
    -->
    select
    <if test="distinct">
      distinct
    </if>
    <include refid="Base_Column_List" />
    ,
    <include refid="Blob_Column_List" />
    from es_goods
    <if test="_parameter != null">
      <include refid="Example_Where_Clause" />
    </if>
    <if test="orderByClause != null">
      order by ${orderByClause}
    </if>
  </select>
  <select id="selectByExample" parameterType="com.wx.ecShopDomain.EsGoodsExample" resultMap="BaseResultMap">
    <!--
      WARNING - @mbggenerated
      This element is automatically generated by MyBatis Generator, do not modify.
    -->
    select
    <if test="distinct">
      distinct
    </if>
    <include refid="Base_Column_List" />
    from es_goods
    <if test="_parameter != null">
      <include refid="Example_Where_Clause" />
    </if>
    <if test="orderByClause != null">
      order by ${orderByClause}
    </if>
  </select>
  <select id="selectByPrimaryKey" parameterType="java.lang.Long" resultMap="ResultMapWithBLOBs">
    <!--
      WARNING - @mbggenerated
      This element is automatically generated by MyBatis Generator, do not modify.
    -->
    select 
    <include refid="Base_Column_List" />
    ,
    <include refid="Blob_Column_List" />
    from es_goods
    where GOODS_ID = #{goodsId,jdbcType=BIGINT}
  </select>
  <delete id="deleteByPrimaryKey" parameterType="java.lang.Long">
    <!--
      WARNING - @mbggenerated
      This element is automatically generated by MyBatis Generator, do not modify.
    -->
    delete from es_goods
    where GOODS_ID = #{goodsId,jdbcType=BIGINT}
  </delete>
  <delete id="deleteByExample" parameterType="com.wx.ecShopDomain.EsGoodsExample">
    <!--
      WARNING - @mbggenerated
      This element is automatically generated by MyBatis Generator, do not modify.
    -->
    delete from es_goods
    <if test="_parameter != null">
      <include refid="Example_Where_Clause" />
    </if>
  </delete>
  <insert id="insert" parameterType="com.wx.ecShopDomain.EsGoods">
    <!--
      WARNING - @mbggenerated
      This element is automatically generated by MyBatis Generator, do not modify.
    -->
    insert into es_goods (GOODS_ID, GOODS_NO, BASE_PRODUCT_ID, 
      BASE_CAT_ID, GOODS_NAME, BRAND_ID, 
      GOODS_NUMBER, GOODS_WEIGHT, MARKET_PRICE, 
      SHOP_PRICE, PROMOTE_PRICE, PROMOTE_START_DATE, 
      PROMOTE_END_DATE, WAP_SHOP_PRICE, ISWAP, 
      STAR, ALIVE, SALES_MODEL, 
      WARN_NUMBER, GOODS_DESC, GOODS_VIDEO, 
      GOODS_VIDEO_THUMB, IS_REAL, EXTENSION_CODE, 
      IS_ON_SALE, SALE_TYPE, INTEGRAL, 
      ADD_TIME, DELETE_FLAG, BONUS_TYPE_ID, 
      LAST_UPDATE, GOODS_TYPE, GIVE_INTEGRAL, 
      CATEGORY_ID, IS_CHECK, FORUM_ID, 
      REF_URL, REF_URL1, REF_URL2, 
      REF_URL3, MARKET_DATE, GOODS_WEIGHT_UNIT, 
      GOODS_PACK_INFO, GOODS_SALE_SERVICE, IMAGESID2, 
      IMAGESID3, VPRICE, IMAGESID, 
      GOODS_NO_BF12, BF_FILENAME, IMAGESID4, 
      SHOP_PRICE_BACK, EVALUATE_PSNUM, CATEGORY_CODE, 
      EQUALCHARGE_MONEY, MEMBER_LIMIT, ALL_LIMIT, 
      SALE_NUMBER, TYPE_SEQ_NO, UNIFORM_PRICE, 
      CHECK_FLAG, CREATE_TIME, CREATE_USER, 
      MODIFY_TIME, MODIFY_USER, ESS_SYNC_FLAG, 
      MEMBER_ALL_LIMIT, ERP_GOODS_STOCK, SIMCARD_STYLE, 
      GOODS_IP_LIMIT, PAYS_MODEL, IMAGESID5, 
      IS_NEED_INVOICE, IS_GIFT, RED_NAME_SHORT, 
      SPREAD_PIC, IS_READY, IS_RETURN_ABLE, 
      IS_CHANGE_ABLE, IS_RECOMMEND, IS_RECORD_SALES, 
      DESC_DETAIL2, WEIGHT_FACTOR, LAST_MODIFY_TIME, 
      SALE_SERVICE, LIKE_NUM, GIVE_GOlDBEAN, 
      GOODS_PRICE_TYPE, SHOP_PRICE_TYPE, MEMBER_TYPE_RESTRICTION, 
      MEASNAME, TAX_RATE, IS_RATE_SAME, 
      SILVER_INTEGERAl, BASE_MODEL, BASE_CAT_NAME, 
      BASE_BRAND_ID, BASE_BRAND_NAME, BASE_BUSSINESS_NODEL, 
      BASE_COLOR, BASE_PURCHASE_MODEL, PROMOTE_TITLE, 
      GOODS_BRIEF, GOODS_THUMB, GOODS_IMG, 
      GOODS_MIDDLE_IMG, SEO_TITLE, SEO_KEYWORDS, 
      SEO_DESCRIPTION, GOODS_NAME_MIDDLE, 
      GOODS_NAME_LONG, PROMOTE_TITLE_2, GOODS_THUMB_33, 
      GOODS_VIDEO_THUMB_45, BASE_M_SHOP, BASE_M_BACKUP, 
      WAP_DESC, ACCESSORIES_IMG, PRODUCT_MODEL, 
      RED_NAME_LONG)
    values (#{goodsId,jdbcType=BIGINT}, #{goodsNo,jdbcType=VARCHAR}, #{baseProductId,jdbcType=BIGINT}, 
      #{baseCatId,jdbcType=BIGINT}, #{goodsName,jdbcType=VARCHAR}, #{brandId,jdbcType=BIGINT}, 
      #{goodsNumber,jdbcType=BIGINT}, #{goodsWeight,jdbcType=DECIMAL}, #{marketPrice,jdbcType=DECIMAL}, 
      #{shopPrice,jdbcType=DECIMAL}, #{promotePrice,jdbcType=DECIMAL}, #{promoteStartDate,jdbcType=VARCHAR}, 
      #{promoteEndDate,jdbcType=VARCHAR}, #{wapShopPrice,jdbcType=DECIMAL}, #{iswap,jdbcType=VARCHAR}, 
      #{star,jdbcType=DECIMAL}, #{alive,jdbcType=BIGINT}, #{salesModel,jdbcType=VARCHAR}, 
      #{warnNumber,jdbcType=BIGINT}, #{goodsDesc,jdbcType=VARCHAR}, #{goodsVideo,jdbcType=VARCHAR}, 
      #{goodsVideoThumb,jdbcType=VARCHAR}, #{isReal,jdbcType=BIGINT}, #{extensionCode,jdbcType=VARCHAR}, 
      #{isOnSale,jdbcType=BIGINT}, #{saleType,jdbcType=BIGINT}, #{integral,jdbcType=BIGINT}, 
      #{addTime,jdbcType=VARCHAR}, #{deleteFlag,jdbcType=VARCHAR}, #{bonusTypeId,jdbcType=BIGINT}, 
      #{lastUpdate,jdbcType=VARCHAR}, #{goodsType,jdbcType=BIGINT}, #{giveIntegral,jdbcType=BIGINT}, 
      #{categoryId,jdbcType=BIGINT}, #{isCheck,jdbcType=BIGINT}, #{forumId,jdbcType=BIGINT}, 
      #{refUrl,jdbcType=VARCHAR}, #{refUrl1,jdbcType=VARCHAR}, #{refUrl2,jdbcType=VARCHAR}, 
      #{refUrl3,jdbcType=VARCHAR}, #{marketDate,jdbcType=VARCHAR}, #{goodsWeightUnit,jdbcType=VARCHAR}, 
      #{goodsPackInfo,jdbcType=VARCHAR}, #{goodsSaleService,jdbcType=VARCHAR}, #{imagesid2,jdbcType=VARCHAR}, 
      #{imagesid3,jdbcType=VARCHAR}, #{vprice,jdbcType=BIGINT}, #{imagesid,jdbcType=VARCHAR}, 
      #{goodsNoBf12,jdbcType=VARCHAR}, #{bfFilename,jdbcType=VARCHAR}, #{imagesid4,jdbcType=VARCHAR}, 
      #{shopPriceBack,jdbcType=DECIMAL}, #{evaluatePsnum,jdbcType=BIGINT}, #{categoryCode,jdbcType=VARCHAR}, 
      #{equalchargeMoney,jdbcType=DECIMAL}, #{memberLimit,jdbcType=BIGINT}, #{allLimit,jdbcType=BIGINT}, 
      #{saleNumber,jdbcType=BIGINT}, #{typeSeqNo,jdbcType=BIGINT}, #{uniformPrice,jdbcType=DECIMAL}, 
      #{checkFlag,jdbcType=VARCHAR}, #{createTime,jdbcType=TIMESTAMP}, #{createUser,jdbcType=VARCHAR}, 
      #{modifyTime,jdbcType=TIMESTAMP}, #{modifyUser,jdbcType=VARCHAR}, #{essSyncFlag,jdbcType=BIGINT}, 
      #{memberAllLimit,jdbcType=BIGINT}, #{erpGoodsStock,jdbcType=BIGINT}, #{simcardStyle,jdbcType=BIGINT}, 
      #{goodsIpLimit,jdbcType=BIGINT}, #{paysModel,jdbcType=VARCHAR}, #{imagesid5,jdbcType=VARCHAR}, 
      #{isNeedInvoice,jdbcType=VARCHAR}, #{isGift,jdbcType=VARCHAR}, #{redNameShort,jdbcType=VARCHAR}, 
      #{spreadPic,jdbcType=VARCHAR}, #{isReady,jdbcType=VARCHAR}, #{isReturnAble,jdbcType=VARCHAR}, 
      #{isChangeAble,jdbcType=VARCHAR}, #{isRecommend,jdbcType=VARCHAR}, #{isRecordSales,jdbcType=VARCHAR}, 
      #{descDetail2,jdbcType=VARCHAR}, #{weightFactor,jdbcType=BIGINT}, #{lastModifyTime,jdbcType=TIMESTAMP}, 
      #{saleService,jdbcType=BIGINT}, #{likeNum,jdbcType=BIGINT}, #{giveGoldbean,jdbcType=BIGINT}, 
      #{goodsPriceType,jdbcType=VARCHAR}, #{shopPriceType,jdbcType=VARCHAR}, #{memberTypeRestriction,jdbcType=VARCHAR}, 
      #{measname,jdbcType=VARCHAR}, #{taxRate,jdbcType=INTEGER}, #{isRateSame,jdbcType=INTEGER}, 
      #{silverIntegeral,jdbcType=INTEGER}, #{baseModel,jdbcType=LONGVARCHAR}, #{baseCatName,jdbcType=LONGVARCHAR}, 
      #{baseBrandId,jdbcType=LONGVARCHAR}, #{baseBrandName,jdbcType=LONGVARCHAR}, #{baseBussinessNodel,jdbcType=LONGVARCHAR}, 
      #{baseColor,jdbcType=LONGVARCHAR}, #{basePurchaseModel,jdbcType=LONGVARCHAR}, #{promoteTitle,jdbcType=LONGVARCHAR}, 
      #{goodsBrief,jdbcType=LONGVARCHAR}, #{goodsThumb,jdbcType=LONGVARCHAR}, #{goodsImg,jdbcType=LONGVARCHAR}, 
      #{goodsMiddleImg,jdbcType=LONGVARCHAR}, #{seoTitle,jdbcType=LONGVARCHAR}, #{seoKeywords,jdbcType=LONGVARCHAR}, 
      #{seoDescription,jdbcType=LONGVARCHAR}, #{goodsNameMiddle,jdbcType=LONGVARCHAR}, 
      #{goodsNameLong,jdbcType=LONGVARCHAR}, #{promoteTitle2,jdbcType=LONGVARCHAR}, #{goodsThumb33,jdbcType=LONGVARCHAR}, 
      #{goodsVideoThumb45,jdbcType=LONGVARCHAR}, #{baseMShop,jdbcType=LONGVARCHAR}, #{baseMBackup,jdbcType=LONGVARCHAR}, 
      #{wapDesc,jdbcType=LONGVARCHAR}, #{accessoriesImg,jdbcType=LONGVARCHAR}, #{productModel,jdbcType=LONGVARCHAR}, 
      #{redNameLong,jdbcType=LONGVARCHAR})
  </insert>
  <insert id="insertSelective" parameterType="com.wx.ecShopDomain.EsGoods">
    <!--
      WARNING - @mbggenerated
      This element is automatically generated by MyBatis Generator, do not modify.
    -->
    insert into es_goods
    <trim prefix="(" suffix=")" suffixOverrides=",">
      <if test="goodsId != null">
        GOODS_ID,
      </if>
      <if test="goodsNo != null">
        GOODS_NO,
      </if>
      <if test="baseProductId != null">
        BASE_PRODUCT_ID,
      </if>
      <if test="baseCatId != null">
        BASE_CAT_ID,
      </if>
      <if test="goodsName != null">
        GOODS_NAME,
      </if>
      <if test="brandId != null">
        BRAND_ID,
      </if>
      <if test="goodsNumber != null">
        GOODS_NUMBER,
      </if>
      <if test="goodsWeight != null">
        GOODS_WEIGHT,
      </if>
      <if test="marketPrice != null">
        MARKET_PRICE,
      </if>
      <if test="shopPrice != null">
        SHOP_PRICE,
      </if>
      <if test="promotePrice != null">
        PROMOTE_PRICE,
      </if>
      <if test="promoteStartDate != null">
        PROMOTE_START_DATE,
      </if>
      <if test="promoteEndDate != null">
        PROMOTE_END_DATE,
      </if>
      <if test="wapShopPrice != null">
        WAP_SHOP_PRICE,
      </if>
      <if test="iswap != null">
        ISWAP,
      </if>
      <if test="star != null">
        STAR,
      </if>
      <if test="alive != null">
        ALIVE,
      </if>
      <if test="salesModel != null">
        SALES_MODEL,
      </if>
      <if test="warnNumber != null">
        WARN_NUMBER,
      </if>
      <if test="goodsDesc != null">
        GOODS_DESC,
      </if>
      <if test="goodsVideo != null">
        GOODS_VIDEO,
      </if>
      <if test="goodsVideoThumb != null">
        GOODS_VIDEO_THUMB,
      </if>
      <if test="isReal != null">
        IS_REAL,
      </if>
      <if test="extensionCode != null">
        EXTENSION_CODE,
      </if>
      <if test="isOnSale != null">
        IS_ON_SALE,
      </if>
      <if test="saleType != null">
        SALE_TYPE,
      </if>
      <if test="integral != null">
        INTEGRAL,
      </if>
      <if test="addTime != null">
        ADD_TIME,
      </if>
      <if test="deleteFlag != null">
        DELETE_FLAG,
      </if>
      <if test="bonusTypeId != null">
        BONUS_TYPE_ID,
      </if>
      <if test="lastUpdate != null">
        LAST_UPDATE,
      </if>
      <if test="goodsType != null">
        GOODS_TYPE,
      </if>
      <if test="giveIntegral != null">
        GIVE_INTEGRAL,
      </if>
      <if test="categoryId != null">
        CATEGORY_ID,
      </if>
      <if test="isCheck != null">
        IS_CHECK,
      </if>
      <if test="forumId != null">
        FORUM_ID,
      </if>
      <if test="refUrl != null">
        REF_URL,
      </if>
      <if test="refUrl1 != null">
        REF_URL1,
      </if>
      <if test="refUrl2 != null">
        REF_URL2,
      </if>
      <if test="refUrl3 != null">
        REF_URL3,
      </if>
      <if test="marketDate != null">
        MARKET_DATE,
      </if>
      <if test="goodsWeightUnit != null">
        GOODS_WEIGHT_UNIT,
      </if>
      <if test="goodsPackInfo != null">
        GOODS_PACK_INFO,
      </if>
      <if test="goodsSaleService != null">
        GOODS_SALE_SERVICE,
      </if>
      <if test="imagesid2 != null">
        IMAGESID2,
      </if>
      <if test="imagesid3 != null">
        IMAGESID3,
      </if>
      <if test="vprice != null">
        VPRICE,
      </if>
      <if test="imagesid != null">
        IMAGESID,
      </if>
      <if test="goodsNoBf12 != null">
        GOODS_NO_BF12,
      </if>
      <if test="bfFilename != null">
        BF_FILENAME,
      </if>
      <if test="imagesid4 != null">
        IMAGESID4,
      </if>
      <if test="shopPriceBack != null">
        SHOP_PRICE_BACK,
      </if>
      <if test="evaluatePsnum != null">
        EVALUATE_PSNUM,
      </if>
      <if test="categoryCode != null">
        CATEGORY_CODE,
      </if>
      <if test="equalchargeMoney != null">
        EQUALCHARGE_MONEY,
      </if>
      <if test="memberLimit != null">
        MEMBER_LIMIT,
      </if>
      <if test="allLimit != null">
        ALL_LIMIT,
      </if>
      <if test="saleNumber != null">
        SALE_NUMBER,
      </if>
      <if test="typeSeqNo != null">
        TYPE_SEQ_NO,
      </if>
      <if test="uniformPrice != null">
        UNIFORM_PRICE,
      </if>
      <if test="checkFlag != null">
        CHECK_FLAG,
      </if>
      <if test="createTime != null">
        CREATE_TIME,
      </if>
      <if test="createUser != null">
        CREATE_USER,
      </if>
      <if test="modifyTime != null">
        MODIFY_TIME,
      </if>
      <if test="modifyUser != null">
        MODIFY_USER,
      </if>
      <if test="essSyncFlag != null">
        ESS_SYNC_FLAG,
      </if>
      <if test="memberAllLimit != null">
        MEMBER_ALL_LIMIT,
      </if>
      <if test="erpGoodsStock != null">
        ERP_GOODS_STOCK,
      </if>
      <if test="simcardStyle != null">
        SIMCARD_STYLE,
      </if>
      <if test="goodsIpLimit != null">
        GOODS_IP_LIMIT,
      </if>
      <if test="paysModel != null">
        PAYS_MODEL,
      </if>
      <if test="imagesid5 != null">
        IMAGESID5,
      </if>
      <if test="isNeedInvoice != null">
        IS_NEED_INVOICE,
      </if>
      <if test="isGift != null">
        IS_GIFT,
      </if>
      <if test="redNameShort != null">
        RED_NAME_SHORT,
      </if>
      <if test="spreadPic != null">
        SPREAD_PIC,
      </if>
      <if test="isReady != null">
        IS_READY,
      </if>
      <if test="isReturnAble != null">
        IS_RETURN_ABLE,
      </if>
      <if test="isChangeAble != null">
        IS_CHANGE_ABLE,
      </if>
      <if test="isRecommend != null">
        IS_RECOMMEND,
      </if>
      <if test="isRecordSales != null">
        IS_RECORD_SALES,
      </if>
      <if test="descDetail2 != null">
        DESC_DETAIL2,
      </if>
      <if test="weightFactor != null">
        WEIGHT_FACTOR,
      </if>
      <if test="lastModifyTime != null">
        LAST_MODIFY_TIME,
      </if>
      <if test="saleService != null">
        SALE_SERVICE,
      </if>
      <if test="likeNum != null">
        LIKE_NUM,
      </if>
      <if test="giveGoldbean != null">
        GIVE_GOlDBEAN,
      </if>
      <if test="goodsPriceType != null">
        GOODS_PRICE_TYPE,
      </if>
      <if test="shopPriceType != null">
        SHOP_PRICE_TYPE,
      </if>
      <if test="memberTypeRestriction != null">
        MEMBER_TYPE_RESTRICTION,
      </if>
      <if test="measname != null">
        MEASNAME,
      </if>
      <if test="taxRate != null">
        TAX_RATE,
      </if>
      <if test="isRateSame != null">
        IS_RATE_SAME,
      </if>
      <if test="silverIntegeral != null">
        SILVER_INTEGERAl,
      </if>
      <if test="baseModel != null">
        BASE_MODEL,
      </if>
      <if test="baseCatName != null">
        BASE_CAT_NAME,
      </if>
      <if test="baseBrandId != null">
        BASE_BRAND_ID,
      </if>
      <if test="baseBrandName != null">
        BASE_BRAND_NAME,
      </if>
      <if test="baseBussinessNodel != null">
        BASE_BUSSINESS_NODEL,
      </if>
      <if test="baseColor != null">
        BASE_COLOR,
      </if>
      <if test="basePurchaseModel != null">
        BASE_PURCHASE_MODEL,
      </if>
      <if test="promoteTitle != null">
        PROMOTE_TITLE,
      </if>
      <if test="goodsBrief != null">
        GOODS_BRIEF,
      </if>
      <if test="goodsThumb != null">
        GOODS_THUMB,
      </if>
      <if test="goodsImg != null">
        GOODS_IMG,
      </if>
      <if test="goodsMiddleImg != null">
        GOODS_MIDDLE_IMG,
      </if>
      <if test="seoTitle != null">
        SEO_TITLE,
      </if>
      <if test="seoKeywords != null">
        SEO_KEYWORDS,
      </if>
      <if test="seoDescription != null">
        SEO_DESCRIPTION,
      </if>
      <if test="goodsNameMiddle != null">
        GOODS_NAME_MIDDLE,
      </if>
      <if test="goodsNameLong != null">
        GOODS_NAME_LONG,
      </if>
      <if test="promoteTitle2 != null">
        PROMOTE_TITLE_2,
      </if>
      <if test="goodsThumb33 != null">
        GOODS_THUMB_33,
      </if>
      <if test="goodsVideoThumb45 != null">
        GOODS_VIDEO_THUMB_45,
      </if>
      <if test="baseMShop != null">
        BASE_M_SHOP,
      </if>
      <if test="baseMBackup != null">
        BASE_M_BACKUP,
      </if>
      <if test="wapDesc != null">
        WAP_DESC,
      </if>
      <if test="accessoriesImg != null">
        ACCESSORIES_IMG,
      </if>
      <if test="productModel != null">
        PRODUCT_MODEL,
      </if>
      <if test="redNameLong != null">
        RED_NAME_LONG,
      </if>
    </trim>
    <trim prefix="values (" suffix=")" suffixOverrides=",">
      <if test="goodsId != null">
        #{goodsId,jdbcType=BIGINT},
      </if>
      <if test="goodsNo != null">
        #{goodsNo,jdbcType=VARCHAR},
      </if>
      <if test="baseProductId != null">
        #{baseProductId,jdbcType=BIGINT},
      </if>
      <if test="baseCatId != null">
        #{baseCatId,jdbcType=BIGINT},
      </if>
      <if test="goodsName != null">
        #{goodsName,jdbcType=VARCHAR},
      </if>
      <if test="brandId != null">
        #{brandId,jdbcType=BIGINT},
      </if>
      <if test="goodsNumber != null">
        #{goodsNumber,jdbcType=BIGINT},
      </if>
      <if test="goodsWeight != null">
        #{goodsWeight,jdbcType=DECIMAL},
      </if>
      <if test="marketPrice != null">
        #{marketPrice,jdbcType=DECIMAL},
      </if>
      <if test="shopPrice != null">
        #{shopPrice,jdbcType=DECIMAL},
      </if>
      <if test="promotePrice != null">
        #{promotePrice,jdbcType=DECIMAL},
      </if>
      <if test="promoteStartDate != null">
        #{promoteStartDate,jdbcType=VARCHAR},
      </if>
      <if test="promoteEndDate != null">
        #{promoteEndDate,jdbcType=VARCHAR},
      </if>
      <if test="wapShopPrice != null">
        #{wapShopPrice,jdbcType=DECIMAL},
      </if>
      <if test="iswap != null">
        #{iswap,jdbcType=VARCHAR},
      </if>
      <if test="star != null">
        #{star,jdbcType=DECIMAL},
      </if>
      <if test="alive != null">
        #{alive,jdbcType=BIGINT},
      </if>
      <if test="salesModel != null">
        #{salesModel,jdbcType=VARCHAR},
      </if>
      <if test="warnNumber != null">
        #{warnNumber,jdbcType=BIGINT},
      </if>
      <if test="goodsDesc != null">
        #{goodsDesc,jdbcType=VARCHAR},
      </if>
      <if test="goodsVideo != null">
        #{goodsVideo,jdbcType=VARCHAR},
      </if>
      <if test="goodsVideoThumb != null">
        #{goodsVideoThumb,jdbcType=VARCHAR},
      </if>
      <if test="isReal != null">
        #{isReal,jdbcType=BIGINT},
      </if>
      <if test="extensionCode != null">
        #{extensionCode,jdbcType=VARCHAR},
      </if>
      <if test="isOnSale != null">
        #{isOnSale,jdbcType=BIGINT},
      </if>
      <if test="saleType != null">
        #{saleType,jdbcType=BIGINT},
      </if>
      <if test="integral != null">
        #{integral,jdbcType=BIGINT},
      </if>
      <if test="addTime != null">
        #{addTime,jdbcType=VARCHAR},
      </if>
      <if test="deleteFlag != null">
        #{deleteFlag,jdbcType=VARCHAR},
      </if>
      <if test="bonusTypeId != null">
        #{bonusTypeId,jdbcType=BIGINT},
      </if>
      <if test="lastUpdate != null">
        #{lastUpdate,jdbcType=VARCHAR},
      </if>
      <if test="goodsType != null">
        #{goodsType,jdbcType=BIGINT},
      </if>
      <if test="giveIntegral != null">
        #{giveIntegral,jdbcType=BIGINT},
      </if>
      <if test="categoryId != null">
        #{categoryId,jdbcType=BIGINT},
      </if>
      <if test="isCheck != null">
        #{isCheck,jdbcType=BIGINT},
      </if>
      <if test="forumId != null">
        #{forumId,jdbcType=BIGINT},
      </if>
      <if test="refUrl != null">
        #{refUrl,jdbcType=VARCHAR},
      </if>
      <if test="refUrl1 != null">
        #{refUrl1,jdbcType=VARCHAR},
      </if>
      <if test="refUrl2 != null">
        #{refUrl2,jdbcType=VARCHAR},
      </if>
      <if test="refUrl3 != null">
        #{refUrl3,jdbcType=VARCHAR},
      </if>
      <if test="marketDate != null">
        #{marketDate,jdbcType=VARCHAR},
      </if>
      <if test="goodsWeightUnit != null">
        #{goodsWeightUnit,jdbcType=VARCHAR},
      </if>
      <if test="goodsPackInfo != null">
        #{goodsPackInfo,jdbcType=VARCHAR},
      </if>
      <if test="goodsSaleService != null">
        #{goodsSaleService,jdbcType=VARCHAR},
      </if>
      <if test="imagesid2 != null">
        #{imagesid2,jdbcType=VARCHAR},
      </if>
      <if test="imagesid3 != null">
        #{imagesid3,jdbcType=VARCHAR},
      </if>
      <if test="vprice != null">
        #{vprice,jdbcType=BIGINT},
      </if>
      <if test="imagesid != null">
        #{imagesid,jdbcType=VARCHAR},
      </if>
      <if test="goodsNoBf12 != null">
        #{goodsNoBf12,jdbcType=VARCHAR},
      </if>
      <if test="bfFilename != null">
        #{bfFilename,jdbcType=VARCHAR},
      </if>
      <if test="imagesid4 != null">
        #{imagesid4,jdbcType=VARCHAR},
      </if>
      <if test="shopPriceBack != null">
        #{shopPriceBack,jdbcType=DECIMAL},
      </if>
      <if test="evaluatePsnum != null">
        #{evaluatePsnum,jdbcType=BIGINT},
      </if>
      <if test="categoryCode != null">
        #{categoryCode,jdbcType=VARCHAR},
      </if>
      <if test="equalchargeMoney != null">
        #{equalchargeMoney,jdbcType=DECIMAL},
      </if>
      <if test="memberLimit != null">
        #{memberLimit,jdbcType=BIGINT},
      </if>
      <if test="allLimit != null">
        #{allLimit,jdbcType=BIGINT},
      </if>
      <if test="saleNumber != null">
        #{saleNumber,jdbcType=BIGINT},
      </if>
      <if test="typeSeqNo != null">
        #{typeSeqNo,jdbcType=BIGINT},
      </if>
      <if test="uniformPrice != null">
        #{uniformPrice,jdbcType=DECIMAL},
      </if>
      <if test="checkFlag != null">
        #{checkFlag,jdbcType=VARCHAR},
      </if>
      <if test="createTime != null">
        #{createTime,jdbcType=TIMESTAMP},
      </if>
      <if test="createUser != null">
        #{createUser,jdbcType=VARCHAR},
      </if>
      <if test="modifyTime != null">
        #{modifyTime,jdbcType=TIMESTAMP},
      </if>
      <if test="modifyUser != null">
        #{modifyUser,jdbcType=VARCHAR},
      </if>
      <if test="essSyncFlag != null">
        #{essSyncFlag,jdbcType=BIGINT},
      </if>
      <if test="memberAllLimit != null">
        #{memberAllLimit,jdbcType=BIGINT},
      </if>
      <if test="erpGoodsStock != null">
        #{erpGoodsStock,jdbcType=BIGINT},
      </if>
      <if test="simcardStyle != null">
        #{simcardStyle,jdbcType=BIGINT},
      </if>
      <if test="goodsIpLimit != null">
        #{goodsIpLimit,jdbcType=BIGINT},
      </if>
      <if test="paysModel != null">
        #{paysModel,jdbcType=VARCHAR},
      </if>
      <if test="imagesid5 != null">
        #{imagesid5,jdbcType=VARCHAR},
      </if>
      <if test="isNeedInvoice != null">
        #{isNeedInvoice,jdbcType=VARCHAR},
      </if>
      <if test="isGift != null">
        #{isGift,jdbcType=VARCHAR},
      </if>
      <if test="redNameShort != null">
        #{redNameShort,jdbcType=VARCHAR},
      </if>
      <if test="spreadPic != null">
        #{spreadPic,jdbcType=VARCHAR},
      </if>
      <if test="isReady != null">
        #{isReady,jdbcType=VARCHAR},
      </if>
      <if test="isReturnAble != null">
        #{isReturnAble,jdbcType=VARCHAR},
      </if>
      <if test="isChangeAble != null">
        #{isChangeAble,jdbcType=VARCHAR},
      </if>
      <if test="isRecommend != null">
        #{isRecommend,jdbcType=VARCHAR},
      </if>
      <if test="isRecordSales != null">
        #{isRecordSales,jdbcType=VARCHAR},
      </if>
      <if test="descDetail2 != null">
        #{descDetail2,jdbcType=VARCHAR},
      </if>
      <if test="weightFactor != null">
        #{weightFactor,jdbcType=BIGINT},
      </if>
      <if test="lastModifyTime != null">
        #{lastModifyTime,jdbcType=TIMESTAMP},
      </if>
      <if test="saleService != null">
        #{saleService,jdbcType=BIGINT},
      </if>
      <if test="likeNum != null">
        #{likeNum,jdbcType=BIGINT},
      </if>
      <if test="giveGoldbean != null">
        #{giveGoldbean,jdbcType=BIGINT},
      </if>
      <if test="goodsPriceType != null">
        #{goodsPriceType,jdbcType=VARCHAR},
      </if>
      <if test="shopPriceType != null">
        #{shopPriceType,jdbcType=VARCHAR},
      </if>
      <if test="memberTypeRestriction != null">
        #{memberTypeRestriction,jdbcType=VARCHAR},
      </if>
      <if test="measname != null">
        #{measname,jdbcType=VARCHAR},
      </if>
      <if test="taxRate != null">
        #{taxRate,jdbcType=INTEGER},
      </if>
      <if test="isRateSame != null">
        #{isRateSame,jdbcType=INTEGER},
      </if>
      <if test="silverIntegeral != null">
        #{silverIntegeral,jdbcType=INTEGER},
      </if>
      <if test="baseModel != null">
        #{baseModel,jdbcType=LONGVARCHAR},
      </if>
      <if test="baseCatName != null">
        #{baseCatName,jdbcType=LONGVARCHAR},
      </if>
      <if test="baseBrandId != null">
        #{baseBrandId,jdbcType=LONGVARCHAR},
      </if>
      <if test="baseBrandName != null">
        #{baseBrandName,jdbcType=LONGVARCHAR},
      </if>
      <if test="baseBussinessNodel != null">
        #{baseBussinessNodel,jdbcType=LONGVARCHAR},
      </if>
      <if test="baseColor != null">
        #{baseColor,jdbcType=LONGVARCHAR},
      </if>
      <if test="basePurchaseModel != null">
        #{basePurchaseModel,jdbcType=LONGVARCHAR},
      </if>
      <if test="promoteTitle != null">
        #{promoteTitle,jdbcType=LONGVARCHAR},
      </if>
      <if test="goodsBrief != null">
        #{goodsBrief,jdbcType=LONGVARCHAR},
      </if>
      <if test="goodsThumb != null">
        #{goodsThumb,jdbcType=LONGVARCHAR},
      </if>
      <if test="goodsImg != null">
        #{goodsImg,jdbcType=LONGVARCHAR},
      </if>
      <if test="goodsMiddleImg != null">
        #{goodsMiddleImg,jdbcType=LONGVARCHAR},
      </if>
      <if test="seoTitle != null">
        #{seoTitle,jdbcType=LONGVARCHAR},
      </if>
      <if test="seoKeywords != null">
        #{seoKeywords,jdbcType=LONGVARCHAR},
      </if>
      <if test="seoDescription != null">
        #{seoDescription,jdbcType=LONGVARCHAR},
      </if>
      <if test="goodsNameMiddle != null">
        #{goodsNameMiddle,jdbcType=LONGVARCHAR},
      </if>
      <if test="goodsNameLong != null">
        #{goodsNameLong,jdbcType=LONGVARCHAR},
      </if>
      <if test="promoteTitle2 != null">
        #{promoteTitle2,jdbcType=LONGVARCHAR},
      </if>
      <if test="goodsThumb33 != null">
        #{goodsThumb33,jdbcType=LONGVARCHAR},
      </if>
      <if test="goodsVideoThumb45 != null">
        #{goodsVideoThumb45,jdbcType=LONGVARCHAR},
      </if>
      <if test="baseMShop != null">
        #{baseMShop,jdbcType=LONGVARCHAR},
      </if>
      <if test="baseMBackup != null">
        #{baseMBackup,jdbcType=LONGVARCHAR},
      </if>
      <if test="wapDesc != null">
        #{wapDesc,jdbcType=LONGVARCHAR},
      </if>
      <if test="accessoriesImg != null">
        #{accessoriesImg,jdbcType=LONGVARCHAR},
      </if>
      <if test="productModel != null">
        #{productModel,jdbcType=LONGVARCHAR},
      </if>
      <if test="redNameLong != null">
        #{redNameLong,jdbcType=LONGVARCHAR},
      </if>
    </trim>
  </insert>
  <select id="countByExample" parameterType="com.wx.ecShopDomain.EsGoodsExample" resultType="java.lang.Integer">
    <!--
      WARNING - @mbggenerated
      This element is automatically generated by MyBatis Generator, do not modify.
    -->
    select count(*) from es_goods
    <if test="_parameter != null">
      <include refid="Example_Where_Clause" />
    </if>
  </select>
  <update id="updateByExampleSelective" parameterType="map">
    <!--
      WARNING - @mbggenerated
      This element is automatically generated by MyBatis Generator, do not modify.
    -->
    update es_goods
    <set>
      <if test="record.goodsId != null">
        GOODS_ID = #{record.goodsId,jdbcType=BIGINT},
      </if>
      <if test="record.goodsNo != null">
        GOODS_NO = #{record.goodsNo,jdbcType=VARCHAR},
      </if>
      <if test="record.baseProductId != null">
        BASE_PRODUCT_ID = #{record.baseProductId,jdbcType=BIGINT},
      </if>
      <if test="record.baseCatId != null">
        BASE_CAT_ID = #{record.baseCatId,jdbcType=BIGINT},
      </if>
      <if test="record.goodsName != null">
        GOODS_NAME = #{record.goodsName,jdbcType=VARCHAR},
      </if>
      <if test="record.brandId != null">
        BRAND_ID = #{record.brandId,jdbcType=BIGINT},
      </if>
      <if test="record.goodsNumber != null">
        GOODS_NUMBER = #{record.goodsNumber,jdbcType=BIGINT},
      </if>
      <if test="record.goodsWeight != null">
        GOODS_WEIGHT = #{record.goodsWeight,jdbcType=DECIMAL},
      </if>
      <if test="record.marketPrice != null">
        MARKET_PRICE = #{record.marketPrice,jdbcType=DECIMAL},
      </if>
      <if test="record.shopPrice != null">
        SHOP_PRICE = #{record.shopPrice,jdbcType=DECIMAL},
      </if>
      <if test="record.promotePrice != null">
        PROMOTE_PRICE = #{record.promotePrice,jdbcType=DECIMAL},
      </if>
      <if test="record.promoteStartDate != null">
        PROMOTE_START_DATE = #{record.promoteStartDate,jdbcType=VARCHAR},
      </if>
      <if test="record.promoteEndDate != null">
        PROMOTE_END_DATE = #{record.promoteEndDate,jdbcType=VARCHAR},
      </if>
      <if test="record.wapShopPrice != null">
        WAP_SHOP_PRICE = #{record.wapShopPrice,jdbcType=DECIMAL},
      </if>
      <if test="record.iswap != null">
        ISWAP = #{record.iswap,jdbcType=VARCHAR},
      </if>
      <if test="record.star != null">
        STAR = #{record.star,jdbcType=DECIMAL},
      </if>
      <if test="record.alive != null">
        ALIVE = #{record.alive,jdbcType=BIGINT},
      </if>
      <if test="record.salesModel != null">
        SALES_MODEL = #{record.salesModel,jdbcType=VARCHAR},
      </if>
      <if test="record.warnNumber != null">
        WARN_NUMBER = #{record.warnNumber,jdbcType=BIGINT},
      </if>
      <if test="record.goodsDesc != null">
        GOODS_DESC = #{record.goodsDesc,jdbcType=VARCHAR},
      </if>
      <if test="record.goodsVideo != null">
        GOODS_VIDEO = #{record.goodsVideo,jdbcType=VARCHAR},
      </if>
      <if test="record.goodsVideoThumb != null">
        GOODS_VIDEO_THUMB = #{record.goodsVideoThumb,jdbcType=VARCHAR},
      </if>
      <if test="record.isReal != null">
        IS_REAL = #{record.isReal,jdbcType=BIGINT},
      </if>
      <if test="record.extensionCode != null">
        EXTENSION_CODE = #{record.extensionCode,jdbcType=VARCHAR},
      </if>
      <if test="record.isOnSale != null">
        IS_ON_SALE = #{record.isOnSale,jdbcType=BIGINT},
      </if>
      <if test="record.saleType != null">
        SALE_TYPE = #{record.saleType,jdbcType=BIGINT},
      </if>
      <if test="record.integral != null">
        INTEGRAL = #{record.integral,jdbcType=BIGINT},
      </if>
      <if test="record.addTime != null">
        ADD_TIME = #{record.addTime,jdbcType=VARCHAR},
      </if>
      <if test="record.deleteFlag != null">
        DELETE_FLAG = #{record.deleteFlag,jdbcType=VARCHAR},
      </if>
      <if test="record.bonusTypeId != null">
        BONUS_TYPE_ID = #{record.bonusTypeId,jdbcType=BIGINT},
      </if>
      <if test="record.lastUpdate != null">
        LAST_UPDATE = #{record.lastUpdate,jdbcType=VARCHAR},
      </if>
      <if test="record.goodsType != null">
        GOODS_TYPE = #{record.goodsType,jdbcType=BIGINT},
      </if>
      <if test="record.giveIntegral != null">
        GIVE_INTEGRAL = #{record.giveIntegral,jdbcType=BIGINT},
      </if>
      <if test="record.categoryId != null">
        CATEGORY_ID = #{record.categoryId,jdbcType=BIGINT},
      </if>
      <if test="record.isCheck != null">
        IS_CHECK = #{record.isCheck,jdbcType=BIGINT},
      </if>
      <if test="record.forumId != null">
        FORUM_ID = #{record.forumId,jdbcType=BIGINT},
      </if>
      <if test="record.refUrl != null">
        REF_URL = #{record.refUrl,jdbcType=VARCHAR},
      </if>
      <if test="record.refUrl1 != null">
        REF_URL1 = #{record.refUrl1,jdbcType=VARCHAR},
      </if>
      <if test="record.refUrl2 != null">
        REF_URL2 = #{record.refUrl2,jdbcType=VARCHAR},
      </if>
      <if test="record.refUrl3 != null">
        REF_URL3 = #{record.refUrl3,jdbcType=VARCHAR},
      </if>
      <if test="record.marketDate != null">
        MARKET_DATE = #{record.marketDate,jdbcType=VARCHAR},
      </if>
      <if test="record.goodsWeightUnit != null">
        GOODS_WEIGHT_UNIT = #{record.goodsWeightUnit,jdbcType=VARCHAR},
      </if>
      <if test="record.goodsPackInfo != null">
        GOODS_PACK_INFO = #{record.goodsPackInfo,jdbcType=VARCHAR},
      </if>
      <if test="record.goodsSaleService != null">
        GOODS_SALE_SERVICE = #{record.goodsSaleService,jdbcType=VARCHAR},
      </if>
      <if test="record.imagesid2 != null">
        IMAGESID2 = #{record.imagesid2,jdbcType=VARCHAR},
      </if>
      <if test="record.imagesid3 != null">
        IMAGESID3 = #{record.imagesid3,jdbcType=VARCHAR},
      </if>
      <if test="record.vprice != null">
        VPRICE = #{record.vprice,jdbcType=BIGINT},
      </if>
      <if test="record.imagesid != null">
        IMAGESID = #{record.imagesid,jdbcType=VARCHAR},
      </if>
      <if test="record.goodsNoBf12 != null">
        GOODS_NO_BF12 = #{record.goodsNoBf12,jdbcType=VARCHAR},
      </if>
      <if test="record.bfFilename != null">
        BF_FILENAME = #{record.bfFilename,jdbcType=VARCHAR},
      </if>
      <if test="record.imagesid4 != null">
        IMAGESID4 = #{record.imagesid4,jdbcType=VARCHAR},
      </if>
      <if test="record.shopPriceBack != null">
        SHOP_PRICE_BACK = #{record.shopPriceBack,jdbcType=DECIMAL},
      </if>
      <if test="record.evaluatePsnum != null">
        EVALUATE_PSNUM = #{record.evaluatePsnum,jdbcType=BIGINT},
      </if>
      <if test="record.categoryCode != null">
        CATEGORY_CODE = #{record.categoryCode,jdbcType=VARCHAR},
      </if>
      <if test="record.equalchargeMoney != null">
        EQUALCHARGE_MONEY = #{record.equalchargeMoney,jdbcType=DECIMAL},
      </if>
      <if test="record.memberLimit != null">
        MEMBER_LIMIT = #{record.memberLimit,jdbcType=BIGINT},
      </if>
      <if test="record.allLimit != null">
        ALL_LIMIT = #{record.allLimit,jdbcType=BIGINT},
      </if>
      <if test="record.saleNumber != null">
        SALE_NUMBER = #{record.saleNumber,jdbcType=BIGINT},
      </if>
      <if test="record.typeSeqNo != null">
        TYPE_SEQ_NO = #{record.typeSeqNo,jdbcType=BIGINT},
      </if>
      <if test="record.uniformPrice != null">
        UNIFORM_PRICE = #{record.uniformPrice,jdbcType=DECIMAL},
      </if>
      <if test="record.checkFlag != null">
        CHECK_FLAG = #{record.checkFlag,jdbcType=VARCHAR},
      </if>
      <if test="record.createTime != null">
        CREATE_TIME = #{record.createTime,jdbcType=TIMESTAMP},
      </if>
      <if test="record.createUser != null">
        CREATE_USER = #{record.createUser,jdbcType=VARCHAR},
      </if>
      <if test="record.modifyTime != null">
        MODIFY_TIME = #{record.modifyTime,jdbcType=TIMESTAMP},
      </if>
      <if test="record.modifyUser != null">
        MODIFY_USER = #{record.modifyUser,jdbcType=VARCHAR},
      </if>
      <if test="record.essSyncFlag != null">
        ESS_SYNC_FLAG = #{record.essSyncFlag,jdbcType=BIGINT},
      </if>
      <if test="record.memberAllLimit != null">
        MEMBER_ALL_LIMIT = #{record.memberAllLimit,jdbcType=BIGINT},
      </if>
      <if test="record.erpGoodsStock != null">
        ERP_GOODS_STOCK = #{record.erpGoodsStock,jdbcType=BIGINT},
      </if>
      <if test="record.simcardStyle != null">
        SIMCARD_STYLE = #{record.simcardStyle,jdbcType=BIGINT},
      </if>
      <if test="record.goodsIpLimit != null">
        GOODS_IP_LIMIT = #{record.goodsIpLimit,jdbcType=BIGINT},
      </if>
      <if test="record.paysModel != null">
        PAYS_MODEL = #{record.paysModel,jdbcType=VARCHAR},
      </if>
      <if test="record.imagesid5 != null">
        IMAGESID5 = #{record.imagesid5,jdbcType=VARCHAR},
      </if>
      <if test="record.isNeedInvoice != null">
        IS_NEED_INVOICE = #{record.isNeedInvoice,jdbcType=VARCHAR},
      </if>
      <if test="record.isGift != null">
        IS_GIFT = #{record.isGift,jdbcType=VARCHAR},
      </if>
      <if test="record.redNameShort != null">
        RED_NAME_SHORT = #{record.redNameShort,jdbcType=VARCHAR},
      </if>
      <if test="record.spreadPic != null">
        SPREAD_PIC = #{record.spreadPic,jdbcType=VARCHAR},
      </if>
      <if test="record.isReady != null">
        IS_READY = #{record.isReady,jdbcType=VARCHAR},
      </if>
      <if test="record.isReturnAble != null">
        IS_RETURN_ABLE = #{record.isReturnAble,jdbcType=VARCHAR},
      </if>
      <if test="record.isChangeAble != null">
        IS_CHANGE_ABLE = #{record.isChangeAble,jdbcType=VARCHAR},
      </if>
      <if test="record.isRecommend != null">
        IS_RECOMMEND = #{record.isRecommend,jdbcType=VARCHAR},
      </if>
      <if test="record.isRecordSales != null">
        IS_RECORD_SALES = #{record.isRecordSales,jdbcType=VARCHAR},
      </if>
      <if test="record.descDetail2 != null">
        DESC_DETAIL2 = #{record.descDetail2,jdbcType=VARCHAR},
      </if>
      <if test="record.weightFactor != null">
        WEIGHT_FACTOR = #{record.weightFactor,jdbcType=BIGINT},
      </if>
      <if test="record.lastModifyTime != null">
        LAST_MODIFY_TIME = #{record.lastModifyTime,jdbcType=TIMESTAMP},
      </if>
      <if test="record.saleService != null">
        SALE_SERVICE = #{record.saleService,jdbcType=BIGINT},
      </if>
      <if test="record.likeNum != null">
        LIKE_NUM = #{record.likeNum,jdbcType=BIGINT},
      </if>
      <if test="record.giveGoldbean != null">
        GIVE_GOlDBEAN = #{record.giveGoldbean,jdbcType=BIGINT},
      </if>
      <if test="record.goodsPriceType != null">
        GOODS_PRICE_TYPE = #{record.goodsPriceType,jdbcType=VARCHAR},
      </if>
      <if test="record.shopPriceType != null">
        SHOP_PRICE_TYPE = #{record.shopPriceType,jdbcType=VARCHAR},
      </if>
      <if test="record.memberTypeRestriction != null">
        MEMBER_TYPE_RESTRICTION = #{record.memberTypeRestriction,jdbcType=VARCHAR},
      </if>
      <if test="record.measname != null">
        MEASNAME = #{record.measname,jdbcType=VARCHAR},
      </if>
      <if test="record.taxRate != null">
        TAX_RATE = #{record.taxRate,jdbcType=INTEGER},
      </if>
      <if test="record.isRateSame != null">
        IS_RATE_SAME = #{record.isRateSame,jdbcType=INTEGER},
      </if>
      <if test="record.silverIntegeral != null">
        SILVER_INTEGERAl = #{record.silverIntegeral,jdbcType=INTEGER},
      </if>
      <if test="record.baseModel != null">
        BASE_MODEL = #{record.baseModel,jdbcType=LONGVARCHAR},
      </if>
      <if test="record.baseCatName != null">
        BASE_CAT_NAME = #{record.baseCatName,jdbcType=LONGVARCHAR},
      </if>
      <if test="record.baseBrandId != null">
        BASE_BRAND_ID = #{record.baseBrandId,jdbcType=LONGVARCHAR},
      </if>
      <if test="record.baseBrandName != null">
        BASE_BRAND_NAME = #{record.baseBrandName,jdbcType=LONGVARCHAR},
      </if>
      <if test="record.baseBussinessNodel != null">
        BASE_BUSSINESS_NODEL = #{record.baseBussinessNodel,jdbcType=LONGVARCHAR},
      </if>
      <if test="record.baseColor != null">
        BASE_COLOR = #{record.baseColor,jdbcType=LONGVARCHAR},
      </if>
      <if test="record.basePurchaseModel != null">
        BASE_PURCHASE_MODEL = #{record.basePurchaseModel,jdbcType=LONGVARCHAR},
      </if>
      <if test="record.promoteTitle != null">
        PROMOTE_TITLE = #{record.promoteTitle,jdbcType=LONGVARCHAR},
      </if>
      <if test="record.goodsBrief != null">
        GOODS_BRIEF = #{record.goodsBrief,jdbcType=LONGVARCHAR},
      </if>
      <if test="record.goodsThumb != null">
        GOODS_THUMB = #{record.goodsThumb,jdbcType=LONGVARCHAR},
      </if>
      <if test="record.goodsImg != null">
        GOODS_IMG = #{record.goodsImg,jdbcType=LONGVARCHAR},
      </if>
      <if test="record.goodsMiddleImg != null">
        GOODS_MIDDLE_IMG = #{record.goodsMiddleImg,jdbcType=LONGVARCHAR},
      </if>
      <if test="record.seoTitle != null">
        SEO_TITLE = #{record.seoTitle,jdbcType=LONGVARCHAR},
      </if>
      <if test="record.seoKeywords != null">
        SEO_KEYWORDS = #{record.seoKeywords,jdbcType=LONGVARCHAR},
      </if>
      <if test="record.seoDescription != null">
        SEO_DESCRIPTION = #{record.seoDescription,jdbcType=LONGVARCHAR},
      </if>
      <if test="record.goodsNameMiddle != null">
        GOODS_NAME_MIDDLE = #{record.goodsNameMiddle,jdbcType=LONGVARCHAR},
      </if>
      <if test="record.goodsNameLong != null">
        GOODS_NAME_LONG = #{record.goodsNameLong,jdbcType=LONGVARCHAR},
      </if>
      <if test="record.promoteTitle2 != null">
        PROMOTE_TITLE_2 = #{record.promoteTitle2,jdbcType=LONGVARCHAR},
      </if>
      <if test="record.goodsThumb33 != null">
        GOODS_THUMB_33 = #{record.goodsThumb33,jdbcType=LONGVARCHAR},
      </if>
      <if test="record.goodsVideoThumb45 != null">
        GOODS_VIDEO_THUMB_45 = #{record.goodsVideoThumb45,jdbcType=LONGVARCHAR},
      </if>
      <if test="record.baseMShop != null">
        BASE_M_SHOP = #{record.baseMShop,jdbcType=LONGVARCHAR},
      </if>
      <if test="record.baseMBackup != null">
        BASE_M_BACKUP = #{record.baseMBackup,jdbcType=LONGVARCHAR},
      </if>
      <if test="record.wapDesc != null">
        WAP_DESC = #{record.wapDesc,jdbcType=LONGVARCHAR},
      </if>
      <if test="record.accessoriesImg != null">
        ACCESSORIES_IMG = #{record.accessoriesImg,jdbcType=LONGVARCHAR},
      </if>
      <if test="record.productModel != null">
        PRODUCT_MODEL = #{record.productModel,jdbcType=LONGVARCHAR},
      </if>
      <if test="record.redNameLong != null">
        RED_NAME_LONG = #{record.redNameLong,jdbcType=LONGVARCHAR},
      </if>
    </set>
    <if test="_parameter != null">
      <include refid="Update_By_Example_Where_Clause" />
    </if>
  </update>
  <update id="updateByExampleWithBLOBs" parameterType="map">
    <!--
      WARNING - @mbggenerated
      This element is automatically generated by MyBatis Generator, do not modify.
    -->
    update es_goods
    set GOODS_ID = #{record.goodsId,jdbcType=BIGINT},
      GOODS_NO = #{record.goodsNo,jdbcType=VARCHAR},
      BASE_PRODUCT_ID = #{record.baseProductId,jdbcType=BIGINT},
      BASE_CAT_ID = #{record.baseCatId,jdbcType=BIGINT},
      GOODS_NAME = #{record.goodsName,jdbcType=VARCHAR},
      BRAND_ID = #{record.brandId,jdbcType=BIGINT},
      GOODS_NUMBER = #{record.goodsNumber,jdbcType=BIGINT},
      GOODS_WEIGHT = #{record.goodsWeight,jdbcType=DECIMAL},
      MARKET_PRICE = #{record.marketPrice,jdbcType=DECIMAL},
      SHOP_PRICE = #{record.shopPrice,jdbcType=DECIMAL},
      PROMOTE_PRICE = #{record.promotePrice,jdbcType=DECIMAL},
      PROMOTE_START_DATE = #{record.promoteStartDate,jdbcType=VARCHAR},
      PROMOTE_END_DATE = #{record.promoteEndDate,jdbcType=VARCHAR},
      WAP_SHOP_PRICE = #{record.wapShopPrice,jdbcType=DECIMAL},
      ISWAP = #{record.iswap,jdbcType=VARCHAR},
      STAR = #{record.star,jdbcType=DECIMAL},
      ALIVE = #{record.alive,jdbcType=BIGINT},
      SALES_MODEL = #{record.salesModel,jdbcType=VARCHAR},
      WARN_NUMBER = #{record.warnNumber,jdbcType=BIGINT},
      GOODS_DESC = #{record.goodsDesc,jdbcType=VARCHAR},
      GOODS_VIDEO = #{record.goodsVideo,jdbcType=VARCHAR},
      GOODS_VIDEO_THUMB = #{record.goodsVideoThumb,jdbcType=VARCHAR},
      IS_REAL = #{record.isReal,jdbcType=BIGINT},
      EXTENSION_CODE = #{record.extensionCode,jdbcType=VARCHAR},
      IS_ON_SALE = #{record.isOnSale,jdbcType=BIGINT},
      SALE_TYPE = #{record.saleType,jdbcType=BIGINT},
      INTEGRAL = #{record.integral,jdbcType=BIGINT},
      ADD_TIME = #{record.addTime,jdbcType=VARCHAR},
      DELETE_FLAG = #{record.deleteFlag,jdbcType=VARCHAR},
      BONUS_TYPE_ID = #{record.bonusTypeId,jdbcType=BIGINT},
      LAST_UPDATE = #{record.lastUpdate,jdbcType=VARCHAR},
      GOODS_TYPE = #{record.goodsType,jdbcType=BIGINT},
      GIVE_INTEGRAL = #{record.giveIntegral,jdbcType=BIGINT},
      CATEGORY_ID = #{record.categoryId,jdbcType=BIGINT},
      IS_CHECK = #{record.isCheck,jdbcType=BIGINT},
      FORUM_ID = #{record.forumId,jdbcType=BIGINT},
      REF_URL = #{record.refUrl,jdbcType=VARCHAR},
      REF_URL1 = #{record.refUrl1,jdbcType=VARCHAR},
      REF_URL2 = #{record.refUrl2,jdbcType=VARCHAR},
      REF_URL3 = #{record.refUrl3,jdbcType=VARCHAR},
      MARKET_DATE = #{record.marketDate,jdbcType=VARCHAR},
      GOODS_WEIGHT_UNIT = #{record.goodsWeightUnit,jdbcType=VARCHAR},
      GOODS_PACK_INFO = #{record.goodsPackInfo,jdbcType=VARCHAR},
      GOODS_SALE_SERVICE = #{record.goodsSaleService,jdbcType=VARCHAR},
      IMAGESID2 = #{record.imagesid2,jdbcType=VARCHAR},
      IMAGESID3 = #{record.imagesid3,jdbcType=VARCHAR},
      VPRICE = #{record.vprice,jdbcType=BIGINT},
      IMAGESID = #{record.imagesid,jdbcType=VARCHAR},
      GOODS_NO_BF12 = #{record.goodsNoBf12,jdbcType=VARCHAR},
      BF_FILENAME = #{record.bfFilename,jdbcType=VARCHAR},
      IMAGESID4 = #{record.imagesid4,jdbcType=VARCHAR},
      SHOP_PRICE_BACK = #{record.shopPriceBack,jdbcType=DECIMAL},
      EVALUATE_PSNUM = #{record.evaluatePsnum,jdbcType=BIGINT},
      CATEGORY_CODE = #{record.categoryCode,jdbcType=VARCHAR},
      EQUALCHARGE_MONEY = #{record.equalchargeMoney,jdbcType=DECIMAL},
      MEMBER_LIMIT = #{record.memberLimit,jdbcType=BIGINT},
      ALL_LIMIT = #{record.allLimit,jdbcType=BIGINT},
      SALE_NUMBER = #{record.saleNumber,jdbcType=BIGINT},
      TYPE_SEQ_NO = #{record.typeSeqNo,jdbcType=BIGINT},
      UNIFORM_PRICE = #{record.uniformPrice,jdbcType=DECIMAL},
      CHECK_FLAG = #{record.checkFlag,jdbcType=VARCHAR},
      CREATE_TIME = #{record.createTime,jdbcType=TIMESTAMP},
      CREATE_USER = #{record.createUser,jdbcType=VARCHAR},
      MODIFY_TIME = #{record.modifyTime,jdbcType=TIMESTAMP},
      MODIFY_USER = #{record.modifyUser,jdbcType=VARCHAR},
      ESS_SYNC_FLAG = #{record.essSyncFlag,jdbcType=BIGINT},
      MEMBER_ALL_LIMIT = #{record.memberAllLimit,jdbcType=BIGINT},
      ERP_GOODS_STOCK = #{record.erpGoodsStock,jdbcType=BIGINT},
      SIMCARD_STYLE = #{record.simcardStyle,jdbcType=BIGINT},
      GOODS_IP_LIMIT = #{record.goodsIpLimit,jdbcType=BIGINT},
      PAYS_MODEL = #{record.paysModel,jdbcType=VARCHAR},
      IMAGESID5 = #{record.imagesid5,jdbcType=VARCHAR},
      IS_NEED_INVOICE = #{record.isNeedInvoice,jdbcType=VARCHAR},
      IS_GIFT = #{record.isGift,jdbcType=VARCHAR},
      RED_NAME_SHORT = #{record.redNameShort,jdbcType=VARCHAR},
      SPREAD_PIC = #{record.spreadPic,jdbcType=VARCHAR},
      IS_READY = #{record.isReady,jdbcType=VARCHAR},
      IS_RETURN_ABLE = #{record.isReturnAble,jdbcType=VARCHAR},
      IS_CHANGE_ABLE = #{record.isChangeAble,jdbcType=VARCHAR},
      IS_RECOMMEND = #{record.isRecommend,jdbcType=VARCHAR},
      IS_RECORD_SALES = #{record.isRecordSales,jdbcType=VARCHAR},
      DESC_DETAIL2 = #{record.descDetail2,jdbcType=VARCHAR},
      WEIGHT_FACTOR = #{record.weightFactor,jdbcType=BIGINT},
      LAST_MODIFY_TIME = #{record.lastModifyTime,jdbcType=TIMESTAMP},
      SALE_SERVICE = #{record.saleService,jdbcType=BIGINT},
      LIKE_NUM = #{record.likeNum,jdbcType=BIGINT},
      GIVE_GOlDBEAN = #{record.giveGoldbean,jdbcType=BIGINT},
      GOODS_PRICE_TYPE = #{record.goodsPriceType,jdbcType=VARCHAR},
      SHOP_PRICE_TYPE = #{record.shopPriceType,jdbcType=VARCHAR},
      MEMBER_TYPE_RESTRICTION = #{record.memberTypeRestriction,jdbcType=VARCHAR},
      MEASNAME = #{record.measname,jdbcType=VARCHAR},
      TAX_RATE = #{record.taxRate,jdbcType=INTEGER},
      IS_RATE_SAME = #{record.isRateSame,jdbcType=INTEGER},
      SILVER_INTEGERAl = #{record.silverIntegeral,jdbcType=INTEGER},
      BASE_MODEL = #{record.baseModel,jdbcType=LONGVARCHAR},
      BASE_CAT_NAME = #{record.baseCatName,jdbcType=LONGVARCHAR},
      BASE_BRAND_ID = #{record.baseBrandId,jdbcType=LONGVARCHAR},
      BASE_BRAND_NAME = #{record.baseBrandName,jdbcType=LONGVARCHAR},
      BASE_BUSSINESS_NODEL = #{record.baseBussinessNodel,jdbcType=LONGVARCHAR},
      BASE_COLOR = #{record.baseColor,jdbcType=LONGVARCHAR},
      BASE_PURCHASE_MODEL = #{record.basePurchaseModel,jdbcType=LONGVARCHAR},
      PROMOTE_TITLE = #{record.promoteTitle,jdbcType=LONGVARCHAR},
      GOODS_BRIEF = #{record.goodsBrief,jdbcType=LONGVARCHAR},
      GOODS_THUMB = #{record.goodsThumb,jdbcType=LONGVARCHAR},
      GOODS_IMG = #{record.goodsImg,jdbcType=LONGVARCHAR},
      GOODS_MIDDLE_IMG = #{record.goodsMiddleImg,jdbcType=LONGVARCHAR},
      SEO_TITLE = #{record.seoTitle,jdbcType=LONGVARCHAR},
      SEO_KEYWORDS = #{record.seoKeywords,jdbcType=LONGVARCHAR},
      SEO_DESCRIPTION = #{record.seoDescription,jdbcType=LONGVARCHAR},
      GOODS_NAME_MIDDLE = #{record.goodsNameMiddle,jdbcType=LONGVARCHAR},
      GOODS_NAME_LONG = #{record.goodsNameLong,jdbcType=LONGVARCHAR},
      PROMOTE_TITLE_2 = #{record.promoteTitle2,jdbcType=LONGVARCHAR},
      GOODS_THUMB_33 = #{record.goodsThumb33,jdbcType=LONGVARCHAR},
      GOODS_VIDEO_THUMB_45 = #{record.goodsVideoThumb45,jdbcType=LONGVARCHAR},
      BASE_M_SHOP = #{record.baseMShop,jdbcType=LONGVARCHAR},
      BASE_M_BACKUP = #{record.baseMBackup,jdbcType=LONGVARCHAR},
      WAP_DESC = #{record.wapDesc,jdbcType=LONGVARCHAR},
      ACCESSORIES_IMG = #{record.accessoriesImg,jdbcType=LONGVARCHAR},
      PRODUCT_MODEL = #{record.productModel,jdbcType=LONGVARCHAR},
      RED_NAME_LONG = #{record.redNameLong,jdbcType=LONGVARCHAR}
    <if test="_parameter != null">
      <include refid="Update_By_Example_Where_Clause" />
    </if>
  </update>
  <update id="updateByExample" parameterType="map">
    <!--
      WARNING - @mbggenerated
      This element is automatically generated by MyBatis Generator, do not modify.
    -->
    update es_goods
    set GOODS_ID = #{record.goodsId,jdbcType=BIGINT},
      GOODS_NO = #{record.goodsNo,jdbcType=VARCHAR},
      BASE_PRODUCT_ID = #{record.baseProductId,jdbcType=BIGINT},
      BASE_CAT_ID = #{record.baseCatId,jdbcType=BIGINT},
      GOODS_NAME = #{record.goodsName,jdbcType=VARCHAR},
      BRAND_ID = #{record.brandId,jdbcType=BIGINT},
      GOODS_NUMBER = #{record.goodsNumber,jdbcType=BIGINT},
      GOODS_WEIGHT = #{record.goodsWeight,jdbcType=DECIMAL},
      MARKET_PRICE = #{record.marketPrice,jdbcType=DECIMAL},
      SHOP_PRICE = #{record.shopPrice,jdbcType=DECIMAL},
      PROMOTE_PRICE = #{record.promotePrice,jdbcType=DECIMAL},
      PROMOTE_START_DATE = #{record.promoteStartDate,jdbcType=VARCHAR},
      PROMOTE_END_DATE = #{record.promoteEndDate,jdbcType=VARCHAR},
      WAP_SHOP_PRICE = #{record.wapShopPrice,jdbcType=DECIMAL},
      ISWAP = #{record.iswap,jdbcType=VARCHAR},
      STAR = #{record.star,jdbcType=DECIMAL},
      ALIVE = #{record.alive,jdbcType=BIGINT},
      SALES_MODEL = #{record.salesModel,jdbcType=VARCHAR},
      WARN_NUMBER = #{record.warnNumber,jdbcType=BIGINT},
      GOODS_DESC = #{record.goodsDesc,jdbcType=VARCHAR},
      GOODS_VIDEO = #{record.goodsVideo,jdbcType=VARCHAR},
      GOODS_VIDEO_THUMB = #{record.goodsVideoThumb,jdbcType=VARCHAR},
      IS_REAL = #{record.isReal,jdbcType=BIGINT},
      EXTENSION_CODE = #{record.extensionCode,jdbcType=VARCHAR},
      IS_ON_SALE = #{record.isOnSale,jdbcType=BIGINT},
      SALE_TYPE = #{record.saleType,jdbcType=BIGINT},
      INTEGRAL = #{record.integral,jdbcType=BIGINT},
      ADD_TIME = #{record.addTime,jdbcType=VARCHAR},
      DELETE_FLAG = #{record.deleteFlag,jdbcType=VARCHAR},
      BONUS_TYPE_ID = #{record.bonusTypeId,jdbcType=BIGINT},
      LAST_UPDATE = #{record.lastUpdate,jdbcType=VARCHAR},
      GOODS_TYPE = #{record.goodsType,jdbcType=BIGINT},
      GIVE_INTEGRAL = #{record.giveIntegral,jdbcType=BIGINT},
      CATEGORY_ID = #{record.categoryId,jdbcType=BIGINT},
      IS_CHECK = #{record.isCheck,jdbcType=BIGINT},
      FORUM_ID = #{record.forumId,jdbcType=BIGINT},
      REF_URL = #{record.refUrl,jdbcType=VARCHAR},
      REF_URL1 = #{record.refUrl1,jdbcType=VARCHAR},
      REF_URL2 = #{record.refUrl2,jdbcType=VARCHAR},
      REF_URL3 = #{record.refUrl3,jdbcType=VARCHAR},
      MARKET_DATE = #{record.marketDate,jdbcType=VARCHAR},
      GOODS_WEIGHT_UNIT = #{record.goodsWeightUnit,jdbcType=VARCHAR},
      GOODS_PACK_INFO = #{record.goodsPackInfo,jdbcType=VARCHAR},
      GOODS_SALE_SERVICE = #{record.goodsSaleService,jdbcType=VARCHAR},
      IMAGESID2 = #{record.imagesid2,jdbcType=VARCHAR},
      IMAGESID3 = #{record.imagesid3,jdbcType=VARCHAR},
      VPRICE = #{record.vprice,jdbcType=BIGINT},
      IMAGESID = #{record.imagesid,jdbcType=VARCHAR},
      GOODS_NO_BF12 = #{record.goodsNoBf12,jdbcType=VARCHAR},
      BF_FILENAME = #{record.bfFilename,jdbcType=VARCHAR},
      IMAGESID4 = #{record.imagesid4,jdbcType=VARCHAR},
      SHOP_PRICE_BACK = #{record.shopPriceBack,jdbcType=DECIMAL},
      EVALUATE_PSNUM = #{record.evaluatePsnum,jdbcType=BIGINT},
      CATEGORY_CODE = #{record.categoryCode,jdbcType=VARCHAR},
      EQUALCHARGE_MONEY = #{record.equalchargeMoney,jdbcType=DECIMAL},
      MEMBER_LIMIT = #{record.memberLimit,jdbcType=BIGINT},
      ALL_LIMIT = #{record.allLimit,jdbcType=BIGINT},
      SALE_NUMBER = #{record.saleNumber,jdbcType=BIGINT},
      TYPE_SEQ_NO = #{record.typeSeqNo,jdbcType=BIGINT},
      UNIFORM_PRICE = #{record.uniformPrice,jdbcType=DECIMAL},
      CHECK_FLAG = #{record.checkFlag,jdbcType=VARCHAR},
      CREATE_TIME = #{record.createTime,jdbcType=TIMESTAMP},
      CREATE_USER = #{record.createUser,jdbcType=VARCHAR},
      MODIFY_TIME = #{record.modifyTime,jdbcType=TIMESTAMP},
      MODIFY_USER = #{record.modifyUser,jdbcType=VARCHAR},
      ESS_SYNC_FLAG = #{record.essSyncFlag,jdbcType=BIGINT},
      MEMBER_ALL_LIMIT = #{record.memberAllLimit,jdbcType=BIGINT},
      ERP_GOODS_STOCK = #{record.erpGoodsStock,jdbcType=BIGINT},
      SIMCARD_STYLE = #{record.simcardStyle,jdbcType=BIGINT},
      GOODS_IP_LIMIT = #{record.goodsIpLimit,jdbcType=BIGINT},
      PAYS_MODEL = #{record.paysModel,jdbcType=VARCHAR},
      IMAGESID5 = #{record.imagesid5,jdbcType=VARCHAR},
      IS_NEED_INVOICE = #{record.isNeedInvoice,jdbcType=VARCHAR},
      IS_GIFT = #{record.isGift,jdbcType=VARCHAR},
      RED_NAME_SHORT = #{record.redNameShort,jdbcType=VARCHAR},
      SPREAD_PIC = #{record.spreadPic,jdbcType=VARCHAR},
      IS_READY = #{record.isReady,jdbcType=VARCHAR},
      IS_RETURN_ABLE = #{record.isReturnAble,jdbcType=VARCHAR},
      IS_CHANGE_ABLE = #{record.isChangeAble,jdbcType=VARCHAR},
      IS_RECOMMEND = #{record.isRecommend,jdbcType=VARCHAR},
      IS_RECORD_SALES = #{record.isRecordSales,jdbcType=VARCHAR},
      DESC_DETAIL2 = #{record.descDetail2,jdbcType=VARCHAR},
      WEIGHT_FACTOR = #{record.weightFactor,jdbcType=BIGINT},
      LAST_MODIFY_TIME = #{record.lastModifyTime,jdbcType=TIMESTAMP},
      SALE_SERVICE = #{record.saleService,jdbcType=BIGINT},
      LIKE_NUM = #{record.likeNum,jdbcType=BIGINT},
      GIVE_GOlDBEAN = #{record.giveGoldbean,jdbcType=BIGINT},
      GOODS_PRICE_TYPE = #{record.goodsPriceType,jdbcType=VARCHAR},
      SHOP_PRICE_TYPE = #{record.shopPriceType,jdbcType=VARCHAR},
      MEMBER_TYPE_RESTRICTION = #{record.memberTypeRestriction,jdbcType=VARCHAR},
      MEASNAME = #{record.measname,jdbcType=VARCHAR},
      TAX_RATE = #{record.taxRate,jdbcType=INTEGER},
      IS_RATE_SAME = #{record.isRateSame,jdbcType=INTEGER},
      SILVER_INTEGERAl = #{record.silverIntegeral,jdbcType=INTEGER}
    <if test="_parameter != null">
      <include refid="Update_By_Example_Where_Clause" />
    </if>
  </update>
  <update id="updateByPrimaryKeySelective" parameterType="com.wx.ecShopDomain.EsGoods">
    <!--
      WARNING - @mbggenerated
      This element is automatically generated by MyBatis Generator, do not modify.
    -->
    update es_goods
    <set>
      <if test="goodsNo != null">
        GOODS_NO = #{goodsNo,jdbcType=VARCHAR},
      </if>
      <if test="baseProductId != null">
        BASE_PRODUCT_ID = #{baseProductId,jdbcType=BIGINT},
      </if>
      <if test="baseCatId != null">
        BASE_CAT_ID = #{baseCatId,jdbcType=BIGINT},
      </if>
      <if test="goodsName != null">
        GOODS_NAME = #{goodsName,jdbcType=VARCHAR},
      </if>
      <if test="brandId != null">
        BRAND_ID = #{brandId,jdbcType=BIGINT},
      </if>
      <if test="goodsNumber != null">
        GOODS_NUMBER = #{goodsNumber,jdbcType=BIGINT},
      </if>
      <if test="goodsWeight != null">
        GOODS_WEIGHT = #{goodsWeight,jdbcType=DECIMAL},
      </if>
      <if test="marketPrice != null">
        MARKET_PRICE = #{marketPrice,jdbcType=DECIMAL},
      </if>
      <if test="shopPrice != null">
        SHOP_PRICE = #{shopPrice,jdbcType=DECIMAL},
      </if>
      <if test="promotePrice != null">
        PROMOTE_PRICE = #{promotePrice,jdbcType=DECIMAL},
      </if>
      <if test="promoteStartDate != null">
        PROMOTE_START_DATE = #{promoteStartDate,jdbcType=VARCHAR},
      </if>
      <if test="promoteEndDate != null">
        PROMOTE_END_DATE = #{promoteEndDate,jdbcType=VARCHAR},
      </if>
      <if test="wapShopPrice != null">
        WAP_SHOP_PRICE = #{wapShopPrice,jdbcType=DECIMAL},
      </if>
      <if test="iswap != null">
        ISWAP = #{iswap,jdbcType=VARCHAR},
      </if>
      <if test="star != null">
        STAR = #{star,jdbcType=DECIMAL},
      </if>
      <if test="alive != null">
        ALIVE = #{alive,jdbcType=BIGINT},
      </if>
      <if test="salesModel != null">
        SALES_MODEL = #{salesModel,jdbcType=VARCHAR},
      </if>
      <if test="warnNumber != null">
        WARN_NUMBER = #{warnNumber,jdbcType=BIGINT},
      </if>
      <if test="goodsDesc != null">
        GOODS_DESC = #{goodsDesc,jdbcType=VARCHAR},
      </if>
      <if test="goodsVideo != null">
        GOODS_VIDEO = #{goodsVideo,jdbcType=VARCHAR},
      </if>
      <if test="goodsVideoThumb != null">
        GOODS_VIDEO_THUMB = #{goodsVideoThumb,jdbcType=VARCHAR},
      </if>
      <if test="isReal != null">
        IS_REAL = #{isReal,jdbcType=BIGINT},
      </if>
      <if test="extensionCode != null">
        EXTENSION_CODE = #{extensionCode,jdbcType=VARCHAR},
      </if>
      <if test="isOnSale != null">
        IS_ON_SALE = #{isOnSale,jdbcType=BIGINT},
      </if>
      <if test="saleType != null">
        SALE_TYPE = #{saleType,jdbcType=BIGINT},
      </if>
      <if test="integral != null">
        INTEGRAL = #{integral,jdbcType=BIGINT},
      </if>
      <if test="addTime != null">
        ADD_TIME = #{addTime,jdbcType=VARCHAR},
      </if>
      <if test="deleteFlag != null">
        DELETE_FLAG = #{deleteFlag,jdbcType=VARCHAR},
      </if>
      <if test="bonusTypeId != null">
        BONUS_TYPE_ID = #{bonusTypeId,jdbcType=BIGINT},
      </if>
      <if test="lastUpdate != null">
        LAST_UPDATE = #{lastUpdate,jdbcType=VARCHAR},
      </if>
      <if test="goodsType != null">
        GOODS_TYPE = #{goodsType,jdbcType=BIGINT},
      </if>
      <if test="giveIntegral != null">
        GIVE_INTEGRAL = #{giveIntegral,jdbcType=BIGINT},
      </if>
      <if test="categoryId != null">
        CATEGORY_ID = #{categoryId,jdbcType=BIGINT},
      </if>
      <if test="isCheck != null">
        IS_CHECK = #{isCheck,jdbcType=BIGINT},
      </if>
      <if test="forumId != null">
        FORUM_ID = #{forumId,jdbcType=BIGINT},
      </if>
      <if test="refUrl != null">
        REF_URL = #{refUrl,jdbcType=VARCHAR},
      </if>
      <if test="refUrl1 != null">
        REF_URL1 = #{refUrl1,jdbcType=VARCHAR},
      </if>
      <if test="refUrl2 != null">
        REF_URL2 = #{refUrl2,jdbcType=VARCHAR},
      </if>
      <if test="refUrl3 != null">
        REF_URL3 = #{refUrl3,jdbcType=VARCHAR},
      </if>
      <if test="marketDate != null">
        MARKET_DATE = #{marketDate,jdbcType=VARCHAR},
      </if>
      <if test="goodsWeightUnit != null">
        GOODS_WEIGHT_UNIT = #{goodsWeightUnit,jdbcType=VARCHAR},
      </if>
      <if test="goodsPackInfo != null">
        GOODS_PACK_INFO = #{goodsPackInfo,jdbcType=VARCHAR},
      </if>
      <if test="goodsSaleService != null">
        GOODS_SALE_SERVICE = #{goodsSaleService,jdbcType=VARCHAR},
      </if>
      <if test="imagesid2 != null">
        IMAGESID2 = #{imagesid2,jdbcType=VARCHAR},
      </if>
      <if test="imagesid3 != null">
        IMAGESID3 = #{imagesid3,jdbcType=VARCHAR},
      </if>
      <if test="vprice != null">
        VPRICE = #{vprice,jdbcType=BIGINT},
      </if>
      <if test="imagesid != null">
        IMAGESID = #{imagesid,jdbcType=VARCHAR},
      </if>
      <if test="goodsNoBf12 != null">
        GOODS_NO_BF12 = #{goodsNoBf12,jdbcType=VARCHAR},
      </if>
      <if test="bfFilename != null">
        BF_FILENAME = #{bfFilename,jdbcType=VARCHAR},
      </if>
      <if test="imagesid4 != null">
        IMAGESID4 = #{imagesid4,jdbcType=VARCHAR},
      </if>
      <if test="shopPriceBack != null">
        SHOP_PRICE_BACK = #{shopPriceBack,jdbcType=DECIMAL},
      </if>
      <if test="evaluatePsnum != null">
        EVALUATE_PSNUM = #{evaluatePsnum,jdbcType=BIGINT},
      </if>
      <if test="categoryCode != null">
        CATEGORY_CODE = #{categoryCode,jdbcType=VARCHAR},
      </if>
      <if test="equalchargeMoney != null">
        EQUALCHARGE_MONEY = #{equalchargeMoney,jdbcType=DECIMAL},
      </if>
      <if test="memberLimit != null">
        MEMBER_LIMIT = #{memberLimit,jdbcType=BIGINT},
      </if>
      <if test="allLimit != null">
        ALL_LIMIT = #{allLimit,jdbcType=BIGINT},
      </if>
      <if test="saleNumber != null">
        SALE_NUMBER = #{saleNumber,jdbcType=BIGINT},
      </if>
      <if test="typeSeqNo != null">
        TYPE_SEQ_NO = #{typeSeqNo,jdbcType=BIGINT},
      </if>
      <if test="uniformPrice != null">
        UNIFORM_PRICE = #{uniformPrice,jdbcType=DECIMAL},
      </if>
      <if test="checkFlag != null">
        CHECK_FLAG = #{checkFlag,jdbcType=VARCHAR},
      </if>
      <if test="createTime != null">
        CREATE_TIME = #{createTime,jdbcType=TIMESTAMP},
      </if>
      <if test="createUser != null">
        CREATE_USER = #{createUser,jdbcType=VARCHAR},
      </if>
      <if test="modifyTime != null">
        MODIFY_TIME = #{modifyTime,jdbcType=TIMESTAMP},
      </if>
      <if test="modifyUser != null">
        MODIFY_USER = #{modifyUser,jdbcType=VARCHAR},
      </if>
      <if test="essSyncFlag != null">
        ESS_SYNC_FLAG = #{essSyncFlag,jdbcType=BIGINT},
      </if>
      <if test="memberAllLimit != null">
        MEMBER_ALL_LIMIT = #{memberAllLimit,jdbcType=BIGINT},
      </if>
      <if test="erpGoodsStock != null">
        ERP_GOODS_STOCK = #{erpGoodsStock,jdbcType=BIGINT},
      </if>
      <if test="simcardStyle != null">
        SIMCARD_STYLE = #{simcardStyle,jdbcType=BIGINT},
      </if>
      <if test="goodsIpLimit != null">
        GOODS_IP_LIMIT = #{goodsIpLimit,jdbcType=BIGINT},
      </if>
      <if test="paysModel != null">
        PAYS_MODEL = #{paysModel,jdbcType=VARCHAR},
      </if>
      <if test="imagesid5 != null">
        IMAGESID5 = #{imagesid5,jdbcType=VARCHAR},
      </if>
      <if test="isNeedInvoice != null">
        IS_NEED_INVOICE = #{isNeedInvoice,jdbcType=VARCHAR},
      </if>
      <if test="isGift != null">
        IS_GIFT = #{isGift,jdbcType=VARCHAR},
      </if>
      <if test="redNameShort != null">
        RED_NAME_SHORT = #{redNameShort,jdbcType=VARCHAR},
      </if>
      <if test="spreadPic != null">
        SPREAD_PIC = #{spreadPic,jdbcType=VARCHAR},
      </if>
      <if test="isReady != null">
        IS_READY = #{isReady,jdbcType=VARCHAR},
      </if>
      <if test="isReturnAble != null">
        IS_RETURN_ABLE = #{isReturnAble,jdbcType=VARCHAR},
      </if>
      <if test="isChangeAble != null">
        IS_CHANGE_ABLE = #{isChangeAble,jdbcType=VARCHAR},
      </if>
      <if test="isRecommend != null">
        IS_RECOMMEND = #{isRecommend,jdbcType=VARCHAR},
      </if>
      <if test="isRecordSales != null">
        IS_RECORD_SALES = #{isRecordSales,jdbcType=VARCHAR},
      </if>
      <if test="descDetail2 != null">
        DESC_DETAIL2 = #{descDetail2,jdbcType=VARCHAR},
      </if>
      <if test="weightFactor != null">
        WEIGHT_FACTOR = #{weightFactor,jdbcType=BIGINT},
      </if>
      <if test="lastModifyTime != null">
        LAST_MODIFY_TIME = #{lastModifyTime,jdbcType=TIMESTAMP},
      </if>
      <if test="saleService != null">
        SALE_SERVICE = #{saleService,jdbcType=BIGINT},
      </if>
      <if test="likeNum != null">
        LIKE_NUM = #{likeNum,jdbcType=BIGINT},
      </if>
      <if test="giveGoldbean != null">
        GIVE_GOlDBEAN = #{giveGoldbean,jdbcType=BIGINT},
      </if>
      <if test="goodsPriceType != null">
        GOODS_PRICE_TYPE = #{goodsPriceType,jdbcType=VARCHAR},
      </if>
      <if test="shopPriceType != null">
        SHOP_PRICE_TYPE = #{shopPriceType,jdbcType=VARCHAR},
      </if>
      <if test="memberTypeRestriction != null">
        MEMBER_TYPE_RESTRICTION = #{memberTypeRestriction,jdbcType=VARCHAR},
      </if>
      <if test="measname != null">
        MEASNAME = #{measname,jdbcType=VARCHAR},
      </if>
      <if test="taxRate != null">
        TAX_RATE = #{taxRate,jdbcType=INTEGER},
      </if>
      <if test="isRateSame != null">
        IS_RATE_SAME = #{isRateSame,jdbcType=INTEGER},
      </if>
      <if test="silverIntegeral != null">
        SILVER_INTEGERAl = #{silverIntegeral,jdbcType=INTEGER},
      </if>
      <if test="baseModel != null">
        BASE_MODEL = #{baseModel,jdbcType=LONGVARCHAR},
      </if>
      <if test="baseCatName != null">
        BASE_CAT_NAME = #{baseCatName,jdbcType=LONGVARCHAR},
      </if>
      <if test="baseBrandId != null">
        BASE_BRAND_ID = #{baseBrandId,jdbcType=LONGVARCHAR},
      </if>
      <if test="baseBrandName != null">
        BASE_BRAND_NAME = #{baseBrandName,jdbcType=LONGVARCHAR},
      </if>
      <if test="baseBussinessNodel != null">
        BASE_BUSSINESS_NODEL = #{baseBussinessNodel,jdbcType=LONGVARCHAR},
      </if>
      <if test="baseColor != null">
        BASE_COLOR = #{baseColor,jdbcType=LONGVARCHAR},
      </if>
      <if test="basePurchaseModel != null">
        BASE_PURCHASE_MODEL = #{basePurchaseModel,jdbcType=LONGVARCHAR},
      </if>
      <if test="promoteTitle != null">
        PROMOTE_TITLE = #{promoteTitle,jdbcType=LONGVARCHAR},
      </if>
      <if test="goodsBrief != null">
        GOODS_BRIEF = #{goodsBrief,jdbcType=LONGVARCHAR},
      </if>
      <if test="goodsThumb != null">
        GOODS_THUMB = #{goodsThumb,jdbcType=LONGVARCHAR},
      </if>
      <if test="goodsImg != null">
        GOODS_IMG = #{goodsImg,jdbcType=LONGVARCHAR},
      </if>
      <if test="goodsMiddleImg != null">
        GOODS_MIDDLE_IMG = #{goodsMiddleImg,jdbcType=LONGVARCHAR},
      </if>
      <if test="seoTitle != null">
        SEO_TITLE = #{seoTitle,jdbcType=LONGVARCHAR},
      </if>
      <if test="seoKeywords != null">
        SEO_KEYWORDS = #{seoKeywords,jdbcType=LONGVARCHAR},
      </if>
      <if test="seoDescription != null">
        SEO_DESCRIPTION = #{seoDescription,jdbcType=LONGVARCHAR},
      </if>
      <if test="goodsNameMiddle != null">
        GOODS_NAME_MIDDLE = #{goodsNameMiddle,jdbcType=LONGVARCHAR},
      </if>
      <if test="goodsNameLong != null">
        GOODS_NAME_LONG = #{goodsNameLong,jdbcType=LONGVARCHAR},
      </if>
      <if test="promoteTitle2 != null">
        PROMOTE_TITLE_2 = #{promoteTitle2,jdbcType=LONGVARCHAR},
      </if>
      <if test="goodsThumb33 != null">
        GOODS_THUMB_33 = #{goodsThumb33,jdbcType=LONGVARCHAR},
      </if>
      <if test="goodsVideoThumb45 != null">
        GOODS_VIDEO_THUMB_45 = #{goodsVideoThumb45,jdbcType=LONGVARCHAR},
      </if>
      <if test="baseMShop != null">
        BASE_M_SHOP = #{baseMShop,jdbcType=LONGVARCHAR},
      </if>
      <if test="baseMBackup != null">
        BASE_M_BACKUP = #{baseMBackup,jdbcType=LONGVARCHAR},
      </if>
      <if test="wapDesc != null">
        WAP_DESC = #{wapDesc,jdbcType=LONGVARCHAR},
      </if>
      <if test="accessoriesImg != null">
        ACCESSORIES_IMG = #{accessoriesImg,jdbcType=LONGVARCHAR},
      </if>
      <if test="productModel != null">
        PRODUCT_MODEL = #{productModel,jdbcType=LONGVARCHAR},
      </if>
      <if test="redNameLong != null">
        RED_NAME_LONG = #{redNameLong,jdbcType=LONGVARCHAR},
      </if>
    </set>
    where GOODS_ID = #{goodsId,jdbcType=BIGINT}
  </update>
  <update id="updateByPrimaryKeyWithBLOBs" parameterType="com.wx.ecShopDomain.EsGoods">
    <!--
      WARNING - @mbggenerated
      This element is automatically generated by MyBatis Generator, do not modify.
    -->
    update es_goods
    set GOODS_NO = #{goodsNo,jdbcType=VARCHAR},
      BASE_PRODUCT_ID = #{baseProductId,jdbcType=BIGINT},
      BASE_CAT_ID = #{baseCatId,jdbcType=BIGINT},
      GOODS_NAME = #{goodsName,jdbcType=VARCHAR},
      BRAND_ID = #{brandId,jdbcType=BIGINT},
      GOODS_NUMBER = #{goodsNumber,jdbcType=BIGINT},
      GOODS_WEIGHT = #{goodsWeight,jdbcType=DECIMAL},
      MARKET_PRICE = #{marketPrice,jdbcType=DECIMAL},
      SHOP_PRICE = #{shopPrice,jdbcType=DECIMAL},
      PROMOTE_PRICE = #{promotePrice,jdbcType=DECIMAL},
      PROMOTE_START_DATE = #{promoteStartDate,jdbcType=VARCHAR},
      PROMOTE_END_DATE = #{promoteEndDate,jdbcType=VARCHAR},
      WAP_SHOP_PRICE = #{wapShopPrice,jdbcType=DECIMAL},
      ISWAP = #{iswap,jdbcType=VARCHAR},
      STAR = #{star,jdbcType=DECIMAL},
      ALIVE = #{alive,jdbcType=BIGINT},
      SALES_MODEL = #{salesModel,jdbcType=VARCHAR},
      WARN_NUMBER = #{warnNumber,jdbcType=BIGINT},
      GOODS_DESC = #{goodsDesc,jdbcType=VARCHAR},
      GOODS_VIDEO = #{goodsVideo,jdbcType=VARCHAR},
      GOODS_VIDEO_THUMB = #{goodsVideoThumb,jdbcType=VARCHAR},
      IS_REAL = #{isReal,jdbcType=BIGINT},
      EXTENSION_CODE = #{extensionCode,jdbcType=VARCHAR},
      IS_ON_SALE = #{isOnSale,jdbcType=BIGINT},
      SALE_TYPE = #{saleType,jdbcType=BIGINT},
      INTEGRAL = #{integral,jdbcType=BIGINT},
      ADD_TIME = #{addTime,jdbcType=VARCHAR},
      DELETE_FLAG = #{deleteFlag,jdbcType=VARCHAR},
      BONUS_TYPE_ID = #{bonusTypeId,jdbcType=BIGINT},
      LAST_UPDATE = #{lastUpdate,jdbcType=VARCHAR},
      GOODS_TYPE = #{goodsType,jdbcType=BIGINT},
      GIVE_INTEGRAL = #{giveIntegral,jdbcType=BIGINT},
      CATEGORY_ID = #{categoryId,jdbcType=BIGINT},
      IS_CHECK = #{isCheck,jdbcType=BIGINT},
      FORUM_ID = #{forumId,jdbcType=BIGINT},
      REF_URL = #{refUrl,jdbcType=VARCHAR},
      REF_URL1 = #{refUrl1,jdbcType=VARCHAR},
      REF_URL2 = #{refUrl2,jdbcType=VARCHAR},
      REF_URL3 = #{refUrl3,jdbcType=VARCHAR},
      MARKET_DATE = #{marketDate,jdbcType=VARCHAR},
      GOODS_WEIGHT_UNIT = #{goodsWeightUnit,jdbcType=VARCHAR},
      GOODS_PACK_INFO = #{goodsPackInfo,jdbcType=VARCHAR},
      GOODS_SALE_SERVICE = #{goodsSaleService,jdbcType=VARCHAR},
      IMAGESID2 = #{imagesid2,jdbcType=VARCHAR},
      IMAGESID3 = #{imagesid3,jdbcType=VARCHAR},
      VPRICE = #{vprice,jdbcType=BIGINT},
      IMAGESID = #{imagesid,jdbcType=VARCHAR},
      GOODS_NO_BF12 = #{goodsNoBf12,jdbcType=VARCHAR},
      BF_FILENAME = #{bfFilename,jdbcType=VARCHAR},
      IMAGESID4 = #{imagesid4,jdbcType=VARCHAR},
      SHOP_PRICE_BACK = #{shopPriceBack,jdbcType=DECIMAL},
      EVALUATE_PSNUM = #{evaluatePsnum,jdbcType=BIGINT},
      CATEGORY_CODE = #{categoryCode,jdbcType=VARCHAR},
      EQUALCHARGE_MONEY = #{equalchargeMoney,jdbcType=DECIMAL},
      MEMBER_LIMIT = #{memberLimit,jdbcType=BIGINT},
      ALL_LIMIT = #{allLimit,jdbcType=BIGINT},
      SALE_NUMBER = #{saleNumber,jdbcType=BIGINT},
      TYPE_SEQ_NO = #{typeSeqNo,jdbcType=BIGINT},
      UNIFORM_PRICE = #{uniformPrice,jdbcType=DECIMAL},
      CHECK_FLAG = #{checkFlag,jdbcType=VARCHAR},
      CREATE_TIME = #{createTime,jdbcType=TIMESTAMP},
      CREATE_USER = #{createUser,jdbcType=VARCHAR},
      MODIFY_TIME = #{modifyTime,jdbcType=TIMESTAMP},
      MODIFY_USER = #{modifyUser,jdbcType=VARCHAR},
      ESS_SYNC_FLAG = #{essSyncFlag,jdbcType=BIGINT},
      MEMBER_ALL_LIMIT = #{memberAllLimit,jdbcType=BIGINT},
      ERP_GOODS_STOCK = #{erpGoodsStock,jdbcType=BIGINT},
      SIMCARD_STYLE = #{simcardStyle,jdbcType=BIGINT},
      GOODS_IP_LIMIT = #{goodsIpLimit,jdbcType=BIGINT},
      PAYS_MODEL = #{paysModel,jdbcType=VARCHAR},
      IMAGESID5 = #{imagesid5,jdbcType=VARCHAR},
      IS_NEED_INVOICE = #{isNeedInvoice,jdbcType=VARCHAR},
      IS_GIFT = #{isGift,jdbcType=VARCHAR},
      RED_NAME_SHORT = #{redNameShort,jdbcType=VARCHAR},
      SPREAD_PIC = #{spreadPic,jdbcType=VARCHAR},
      IS_READY = #{isReady,jdbcType=VARCHAR},
      IS_RETURN_ABLE = #{isReturnAble,jdbcType=VARCHAR},
      IS_CHANGE_ABLE = #{isChangeAble,jdbcType=VARCHAR},
      IS_RECOMMEND = #{isRecommend,jdbcType=VARCHAR},
      IS_RECORD_SALES = #{isRecordSales,jdbcType=VARCHAR},
      DESC_DETAIL2 = #{descDetail2,jdbcType=VARCHAR},
      WEIGHT_FACTOR = #{weightFactor,jdbcType=BIGINT},
      LAST_MODIFY_TIME = #{lastModifyTime,jdbcType=TIMESTAMP},
      SALE_SERVICE = #{saleService,jdbcType=BIGINT},
      LIKE_NUM = #{likeNum,jdbcType=BIGINT},
      GIVE_GOlDBEAN = #{giveGoldbean,jdbcType=BIGINT},
      GOODS_PRICE_TYPE = #{goodsPriceType,jdbcType=VARCHAR},
      SHOP_PRICE_TYPE = #{shopPriceType,jdbcType=VARCHAR},
      MEMBER_TYPE_RESTRICTION = #{memberTypeRestriction,jdbcType=VARCHAR},
      MEASNAME = #{measname,jdbcType=VARCHAR},
      TAX_RATE = #{taxRate,jdbcType=INTEGER},
      IS_RATE_SAME = #{isRateSame,jdbcType=INTEGER},
      SILVER_INTEGERAl = #{silverIntegeral,jdbcType=INTEGER},
      BASE_MODEL = #{baseModel,jdbcType=LONGVARCHAR},
      BASE_CAT_NAME = #{baseCatName,jdbcType=LONGVARCHAR},
      BASE_BRAND_ID = #{baseBrandId,jdbcType=LONGVARCHAR},
      BASE_BRAND_NAME = #{baseBrandName,jdbcType=LONGVARCHAR},
      BASE_BUSSINESS_NODEL = #{baseBussinessNodel,jdbcType=LONGVARCHAR},
      BASE_COLOR = #{baseColor,jdbcType=LONGVARCHAR},
      BASE_PURCHASE_MODEL = #{basePurchaseModel,jdbcType=LONGVARCHAR},
      PROMOTE_TITLE = #{promoteTitle,jdbcType=LONGVARCHAR},
      GOODS_BRIEF = #{goodsBrief,jdbcType=LONGVARCHAR},
      GOODS_THUMB = #{goodsThumb,jdbcType=LONGVARCHAR},
      GOODS_IMG = #{goodsImg,jdbcType=LONGVARCHAR},
      GOODS_MIDDLE_IMG = #{goodsMiddleImg,jdbcType=LONGVARCHAR},
      SEO_TITLE = #{seoTitle,jdbcType=LONGVARCHAR},
      SEO_KEYWORDS = #{seoKeywords,jdbcType=LONGVARCHAR},
      SEO_DESCRIPTION = #{seoDescription,jdbcType=LONGVARCHAR},
      GOODS_NAME_MIDDLE = #{goodsNameMiddle,jdbcType=LONGVARCHAR},
      GOODS_NAME_LONG = #{goodsNameLong,jdbcType=LONGVARCHAR},
      PROMOTE_TITLE_2 = #{promoteTitle2,jdbcType=LONGVARCHAR},
      GOODS_THUMB_33 = #{goodsThumb33,jdbcType=LONGVARCHAR},
      GOODS_VIDEO_THUMB_45 = #{goodsVideoThumb45,jdbcType=LONGVARCHAR},
      BASE_M_SHOP = #{baseMShop,jdbcType=LONGVARCHAR},
      BASE_M_BACKUP = #{baseMBackup,jdbcType=LONGVARCHAR},
      WAP_DESC = #{wapDesc,jdbcType=LONGVARCHAR},
      ACCESSORIES_IMG = #{accessoriesImg,jdbcType=LONGVARCHAR},
      PRODUCT_MODEL = #{productModel,jdbcType=LONGVARCHAR},
      RED_NAME_LONG = #{redNameLong,jdbcType=LONGVARCHAR}
    where GOODS_ID = #{goodsId,jdbcType=BIGINT}
  </update>
  <update id="updateByPrimaryKey" parameterType="com.wx.ecShopDomain.EsGoods">
    <!--
      WARNING - @mbggenerated
      This element is automatically generated by MyBatis Generator, do not modify.
    -->
    update es_goods
    set GOODS_NO = #{goodsNo,jdbcType=VARCHAR},
      BASE_PRODUCT_ID = #{baseProductId,jdbcType=BIGINT},
      BASE_CAT_ID = #{baseCatId,jdbcType=BIGINT},
      GOODS_NAME = #{goodsName,jdbcType=VARCHAR},
      BRAND_ID = #{brandId,jdbcType=BIGINT},
      GOODS_NUMBER = #{goodsNumber,jdbcType=BIGINT},
      GOODS_WEIGHT = #{goodsWeight,jdbcType=DECIMAL},
      MARKET_PRICE = #{marketPrice,jdbcType=DECIMAL},
      SHOP_PRICE = #{shopPrice,jdbcType=DECIMAL},
      PROMOTE_PRICE = #{promotePrice,jdbcType=DECIMAL},
      PROMOTE_START_DATE = #{promoteStartDate,jdbcType=VARCHAR},
      PROMOTE_END_DATE = #{promoteEndDate,jdbcType=VARCHAR},
      WAP_SHOP_PRICE = #{wapShopPrice,jdbcType=DECIMAL},
      ISWAP = #{iswap,jdbcType=VARCHAR},
      STAR = #{star,jdbcType=DECIMAL},
      ALIVE = #{alive,jdbcType=BIGINT},
      SALES_MODEL = #{salesModel,jdbcType=VARCHAR},
      WARN_NUMBER = #{warnNumber,jdbcType=BIGINT},
      GOODS_DESC = #{goodsDesc,jdbcType=VARCHAR},
      GOODS_VIDEO = #{goodsVideo,jdbcType=VARCHAR},
      GOODS_VIDEO_THUMB = #{goodsVideoThumb,jdbcType=VARCHAR},
      IS_REAL = #{isReal,jdbcType=BIGINT},
      EXTENSION_CODE = #{extensionCode,jdbcType=VARCHAR},
      IS_ON_SALE = #{isOnSale,jdbcType=BIGINT},
      SALE_TYPE = #{saleType,jdbcType=BIGINT},
      INTEGRAL = #{integral,jdbcType=BIGINT},
      ADD_TIME = #{addTime,jdbcType=VARCHAR},
      DELETE_FLAG = #{deleteFlag,jdbcType=VARCHAR},
      BONUS_TYPE_ID = #{bonusTypeId,jdbcType=BIGINT},
      LAST_UPDATE = #{lastUpdate,jdbcType=VARCHAR},
      GOODS_TYPE = #{goodsType,jdbcType=BIGINT},
      GIVE_INTEGRAL = #{giveIntegral,jdbcType=BIGINT},
      CATEGORY_ID = #{categoryId,jdbcType=BIGINT},
      IS_CHECK = #{isCheck,jdbcType=BIGINT},
      FORUM_ID = #{forumId,jdbcType=BIGINT},
      REF_URL = #{refUrl,jdbcType=VARCHAR},
      REF_URL1 = #{refUrl1,jdbcType=VARCHAR},
      REF_URL2 = #{refUrl2,jdbcType=VARCHAR},
      REF_URL3 = #{refUrl3,jdbcType=VARCHAR},
      MARKET_DATE = #{marketDate,jdbcType=VARCHAR},
      GOODS_WEIGHT_UNIT = #{goodsWeightUnit,jdbcType=VARCHAR},
      GOODS_PACK_INFO = #{goodsPackInfo,jdbcType=VARCHAR},
      GOODS_SALE_SERVICE = #{goodsSaleService,jdbcType=VARCHAR},
      IMAGESID2 = #{imagesid2,jdbcType=VARCHAR},
      IMAGESID3 = #{imagesid3,jdbcType=VARCHAR},
      VPRICE = #{vprice,jdbcType=BIGINT},
      IMAGESID = #{imagesid,jdbcType=VARCHAR},
      GOODS_NO_BF12 = #{goodsNoBf12,jdbcType=VARCHAR},
      BF_FILENAME = #{bfFilename,jdbcType=VARCHAR},
      IMAGESID4 = #{imagesid4,jdbcType=VARCHAR},
      SHOP_PRICE_BACK = #{shopPriceBack,jdbcType=DECIMAL},
      EVALUATE_PSNUM = #{evaluatePsnum,jdbcType=BIGINT},
      CATEGORY_CODE = #{categoryCode,jdbcType=VARCHAR},
      EQUALCHARGE_MONEY = #{equalchargeMoney,jdbcType=DECIMAL},
      MEMBER_LIMIT = #{memberLimit,jdbcType=BIGINT},
      ALL_LIMIT = #{allLimit,jdbcType=BIGINT},
      SALE_NUMBER = #{saleNumber,jdbcType=BIGINT},
      TYPE_SEQ_NO = #{typeSeqNo,jdbcType=BIGINT},
      UNIFORM_PRICE = #{uniformPrice,jdbcType=DECIMAL},
      CHECK_FLAG = #{checkFlag,jdbcType=VARCHAR},
      CREATE_TIME = #{createTime,jdbcType=TIMESTAMP},
      CREATE_USER = #{createUser,jdbcType=VARCHAR},
      MODIFY_TIME = #{modifyTime,jdbcType=TIMESTAMP},
      MODIFY_USER = #{modifyUser,jdbcType=VARCHAR},
      ESS_SYNC_FLAG = #{essSyncFlag,jdbcType=BIGINT},
      MEMBER_ALL_LIMIT = #{memberAllLimit,jdbcType=BIGINT},
      ERP_GOODS_STOCK = #{erpGoodsStock,jdbcType=BIGINT},
      SIMCARD_STYLE = #{simcardStyle,jdbcType=BIGINT},
      GOODS_IP_LIMIT = #{goodsIpLimit,jdbcType=BIGINT},
      PAYS_MODEL = #{paysModel,jdbcType=VARCHAR},
      IMAGESID5 = #{imagesid5,jdbcType=VARCHAR},
      IS_NEED_INVOICE = #{isNeedInvoice,jdbcType=VARCHAR},
      IS_GIFT = #{isGift,jdbcType=VARCHAR},
      RED_NAME_SHORT = #{redNameShort,jdbcType=VARCHAR},
      SPREAD_PIC = #{spreadPic,jdbcType=VARCHAR},
      IS_READY = #{isReady,jdbcType=VARCHAR},
      IS_RETURN_ABLE = #{isReturnAble,jdbcType=VARCHAR},
      IS_CHANGE_ABLE = #{isChangeAble,jdbcType=VARCHAR},
      IS_RECOMMEND = #{isRecommend,jdbcType=VARCHAR},
      IS_RECORD_SALES = #{isRecordSales,jdbcType=VARCHAR},
      DESC_DETAIL2 = #{descDetail2,jdbcType=VARCHAR},
      WEIGHT_FACTOR = #{weightFactor,jdbcType=BIGINT},
      LAST_MODIFY_TIME = #{lastModifyTime,jdbcType=TIMESTAMP},
      SALE_SERVICE = #{saleService,jdbcType=BIGINT},
      LIKE_NUM = #{likeNum,jdbcType=BIGINT},
      GIVE_GOlDBEAN = #{giveGoldbean,jdbcType=BIGINT},
      GOODS_PRICE_TYPE = #{goodsPriceType,jdbcType=VARCHAR},
      SHOP_PRICE_TYPE = #{shopPriceType,jdbcType=VARCHAR},
      MEMBER_TYPE_RESTRICTION = #{memberTypeRestriction,jdbcType=VARCHAR},
      MEASNAME = #{measname,jdbcType=VARCHAR},
      TAX_RATE = #{taxRate,jdbcType=INTEGER},
      IS_RATE_SAME = #{isRateSame,jdbcType=INTEGER},
      SILVER_INTEGERAl = #{silverIntegeral,jdbcType=INTEGER}
    where GOODS_ID = #{goodsId,jdbcType=BIGINT}
  </update>
</mapper>