<?xml version="1.0" encoding="UTF-8" ?>
<!DOCTYPE mapper PUBLIC "-//mybatis.org//DTD Mapper 3.0//EN" "http://mybatis.org/dtd/mybatis-3-mapper.dtd" >
<mapper namespace="com.wx.mobileMapper.MCommemorativeKindMapper" >
  <resultMap id="BaseResultMap" type="com.wx.mobileDomain.MCommemorativeKind" >
    <!--
      WARNING - @mbggenerated
      This element is automatically generated by MyBatis Generator, do not modify.
    -->
    <id column="ID" property="id" jdbcType="BIGINT" />
    <result column="NAME" property="name" jdbcType="VARCHAR" />
    <result column="IMAGE" property="image" jdbcType="VARCHAR" />
    <result column="IS_NODE" property="isNode" jdbcType="BIT" />
    <result column="LEVEL" property="level" jdbcType="INTEGER" />
    <result column="SEQUENCE" property="sequence" jdbcType="BIGINT" />
    <result column="PARENT_ID" property="parentId" jdbcType="BIGINT" />
    <result column="TREE_STRUCT" property="treeStruct" jdbcType="VARCHAR" />
    <result column="CREATE_TIME" property="createTime" jdbcType="TIMESTAMP" />
    <result column="TS" property="ts" jdbcType="TIMESTAMP" />
  </resultMap>
  <sql id="Example_Where_Clause" >
    <!--
      WARNING - @mbggenerated
      This element is automatically generated by MyBatis Generator, do not modify.
    -->
    <where >
      <foreach collection="oredCriteria" item="criteria" separator="or" >
        <if test="criteria.valid" >
          <trim prefix="(" suffix=")" prefixOverrides="and" >
            <foreach collection="criteria.criteria" item="criterion" >
              <choose >
                <when test="criterion.noValue" >
                  and ${criterion.condition}
                </when>
                <when test="criterion.singleValue" >
                  and ${criterion.condition} #{criterion.value}
                </when>
                <when test="criterion.betweenValue" >
                  and ${criterion.condition} #{criterion.value} and #{criterion.secondValue}
                </when>
                <when test="criterion.listValue" >
                  and ${criterion.condition}
                  <foreach collection="criterion.value" item="listItem" open="(" close=")" separator="," >
                    #{listItem}
                  </foreach>
                </when>
              </choose>
            </foreach>
          </trim>
        </if>
      </foreach>
    </where>
  </sql>
  <sql id="Update_By_Example_Where_Clause" >
    <!--
      WARNING - @mbggenerated
      This element is automatically generated by MyBatis Generator, do not modify.
    -->
    <where >
      <foreach collection="example.oredCriteria" item="criteria" separator="or" >
        <if test="criteria.valid" >
          <trim prefix="(" suffix=")" prefixOverrides="and" >
            <foreach collection="criteria.criteria" item="criterion" >
              <choose >
                <when test="criterion.noValue" >
                  and ${criterion.condition}
                </when>
                <when test="criterion.singleValue" >
                  and ${criterion.condition} #{criterion.value}
                </when>
                <when test="criterion.betweenValue" >
                  and ${criterion.condition} #{criterion.value} and #{criterion.secondValue}
                </when>
                <when test="criterion.listValue" >
                  and ${criterion.condition}
                  <foreach collection="criterion.value" item="listItem" open="(" close=")" separator="," >
                    #{listItem}
                  </foreach>
                </when>
              </choose>
            </foreach>
          </trim>
        </if>
      </foreach>
    </where>
  </sql>
  <sql id="Base_Column_List" >
    <!--
      WARNING - @mbggenerated
      This element is automatically generated by MyBatis Generator, do not modify.
    -->
    ID, NAME, IMAGE, IS_NODE, LEVEL, SEQUENCE, PARENT_ID, TREE_STRUCT, CREATE_TIME, TS
  </sql>
  <select id="selectByExample" resultMap="BaseResultMap" parameterType="com.wx.mobileDomain.MCommemorativeKindExample" >
    <!--
      WARNING - @mbggenerated
      This element is automatically generated by MyBatis Generator, do not modify.
    -->
    select
    <if test="distinct" >
      distinct
    </if>
    <include refid="Base_Column_List" />
    from m_commemorative_kind
    <if test="_parameter != null" >
      <include refid="Example_Where_Clause" />
    </if>
    <if test="orderByClause != null" >
      order by ${orderByClause}
    </if>
  </select>
  <select id="selectByPrimaryKey" resultMap="BaseResultMap" parameterType="java.lang.Long" >
    <!--
      WARNING - @mbggenerated
      This element is automatically generated by MyBatis Generator, do not modify.
    -->
    select 
    <include refid="Base_Column_List" />
    from m_commemorative_kind
    where ID = #{id,jdbcType=BIGINT}
  </select>
  <delete id="deleteByPrimaryKey" parameterType="java.lang.Long" >
    <!--
      WARNING - @mbggenerated
      This element is automatically generated by MyBatis Generator, do not modify.
    -->
    delete from m_commemorative_kind
    where ID = #{id,jdbcType=BIGINT}
  </delete>
  <delete id="deleteByExample" parameterType="com.wx.mobileDomain.MCommemorativeKindExample" >
    <!--
      WARNING - @mbggenerated
      This element is automatically generated by MyBatis Generator, do not modify.
    -->
    delete from m_commemorative_kind
    <if test="_parameter != null" >
      <include refid="Example_Where_Clause" />
    </if>
  </delete>
  <insert id="insert" parameterType="com.wx.mobileDomain.MCommemorativeKind" >
    <!--
      WARNING - @mbggenerated
      This element is automatically generated by MyBatis Generator, do not modify.
    -->
    <selectKey resultType="java.lang.Long" keyProperty="id" order="AFTER" >
      SELECT LAST_INSERT_ID()
    </selectKey>
    insert into m_commemorative_kind (NAME, IMAGE, IS_NODE, 
      LEVEL, SEQUENCE, PARENT_ID, 
      TREE_STRUCT, CREATE_TIME, TS
      )
    values (#{name,jdbcType=VARCHAR}, #{image,jdbcType=VARCHAR}, #{isNode,jdbcType=BIT}, 
      #{level,jdbcType=INTEGER}, #{sequence,jdbcType=BIGINT}, #{parentId,jdbcType=BIGINT}, 
      #{treeStruct,jdbcType=VARCHAR}, #{createTime,jdbcType=TIMESTAMP}, #{ts,jdbcType=TIMESTAMP}
      )
  </insert>
  <insert id="insertSelective" parameterType="com.wx.mobileDomain.MCommemorativeKind" >
    <!--
      WARNING - @mbggenerated
      This element is automatically generated by MyBatis Generator, do not modify.
    -->
    <selectKey resultType="java.lang.Long" keyProperty="id" order="AFTER" >
      SELECT LAST_INSERT_ID()
    </selectKey>
    insert into m_commemorative_kind
    <trim prefix="(" suffix=")" suffixOverrides="," >
      <if test="name != null" >
        NAME,
      </if>
      <if test="image != null" >
        IMAGE,
      </if>
      <if test="isNode != null" >
        IS_NODE,
      </if>
      <if test="level != null" >
        LEVEL,
      </if>
      <if test="sequence != null" >
        SEQUENCE,
      </if>
      <if test="parentId != null" >
        PARENT_ID,
      </if>
      <if test="treeStruct != null" >
        TREE_STRUCT,
      </if>
      <if test="createTime != null" >
        CREATE_TIME,
      </if>
      <if test="ts != null" >
        TS,
      </if>
    </trim>
    <trim prefix="values (" suffix=")" suffixOverrides="," >
      <if test="name != null" >
        #{name,jdbcType=VARCHAR},
      </if>
      <if test="image != null" >
        #{image,jdbcType=VARCHAR},
      </if>
      <if test="isNode != null" >
        #{isNode,jdbcType=BIT},
      </if>
      <if test="level != null" >
        #{level,jdbcType=INTEGER},
      </if>
      <if test="sequence != null" >
        #{sequence,jdbcType=BIGINT},
      </if>
      <if test="parentId != null" >
        #{parentId,jdbcType=BIGINT},
      </if>
      <if test="treeStruct != null" >
        #{treeStruct,jdbcType=VARCHAR},
      </if>
      <if test="createTime != null" >
        #{createTime,jdbcType=TIMESTAMP},
      </if>
      <if test="ts != null" >
        #{ts,jdbcType=TIMESTAMP},
      </if>
    </trim>
  </insert>
  <select id="countByExample" parameterType="com.wx.mobileDomain.MCommemorativeKindExample" resultType="java.lang.Integer" >
    <!--
      WARNING - @mbggenerated
      This element is automatically generated by MyBatis Generator, do not modify.
    -->
    select count(*) from m_commemorative_kind
    <if test="_parameter != null" >
      <include refid="Example_Where_Clause" />
    </if>
  </select>
  <update id="updateByExampleSelective" parameterType="map" >
    <!--
      WARNING - @mbggenerated
      This element is automatically generated by MyBatis Generator, do not modify.
    -->
    update m_commemorative_kind
    <set >
      <if test="record.id != null" >
        ID = #{record.id,jdbcType=BIGINT},
      </if>
      <if test="record.name != null" >
        NAME = #{record.name,jdbcType=VARCHAR},
      </if>
      <if test="record.image != null" >
        IMAGE = #{record.image,jdbcType=VARCHAR},
      </if>
      <if test="record.isNode != null" >
        IS_NODE = #{record.isNode,jdbcType=BIT},
      </if>
      <if test="record.level != null" >
        LEVEL = #{record.level,jdbcType=INTEGER},
      </if>
      <if test="record.sequence != null" >
        SEQUENCE = #{record.sequence,jdbcType=BIGINT},
      </if>
      <if test="record.parentId != null" >
        PARENT_ID = #{record.parentId,jdbcType=BIGINT},
      </if>
      <if test="record.treeStruct != null" >
        TREE_STRUCT = #{record.treeStruct,jdbcType=VARCHAR},
      </if>
      <if test="record.createTime != null" >
        CREATE_TIME = #{record.createTime,jdbcType=TIMESTAMP},
      </if>
      <if test="record.ts != null" >
        TS = #{record.ts,jdbcType=TIMESTAMP},
      </if>
    </set>
    <if test="_parameter != null" >
      <include refid="Update_By_Example_Where_Clause" />
    </if>
  </update>
  <update id="updateByExample" parameterType="map" >
    <!--
      WARNING - @mbggenerated
      This element is automatically generated by MyBatis Generator, do not modify.
    -->
    update m_commemorative_kind
    set ID = #{record.id,jdbcType=BIGINT},
      NAME = #{record.name,jdbcType=VARCHAR},
      IMAGE = #{record.image,jdbcType=VARCHAR},
      IS_NODE = #{record.isNode,jdbcType=BIT},
      LEVEL = #{record.level,jdbcType=INTEGER},
      SEQUENCE = #{record.sequence,jdbcType=BIGINT},
      PARENT_ID = #{record.parentId,jdbcType=BIGINT},
      TREE_STRUCT = #{record.treeStruct,jdbcType=VARCHAR},
      CREATE_TIME = #{record.createTime,jdbcType=TIMESTAMP},
      TS = #{record.ts,jdbcType=TIMESTAMP}
    <if test="_parameter != null" >
      <include refid="Update_By_Example_Where_Clause" />
    </if>
  </update>
  <update id="updateByPrimaryKeySelective" parameterType="com.wx.mobileDomain.MCommemorativeKind" >
    <!--
      WARNING - @mbggenerated
      This element is automatically generated by MyBatis Generator, do not modify.
    -->
    update m_commemorative_kind
    <set >
      <if test="name != null" >
        NAME = #{name,jdbcType=VARCHAR},
      </if>
      <if test="image != null" >
        IMAGE = #{image,jdbcType=VARCHAR},
      </if>
      <if test="isNode != null" >
        IS_NODE = #{isNode,jdbcType=BIT},
      </if>
      <if test="level != null" >
        LEVEL = #{level,jdbcType=INTEGER},
      </if>
      <if test="sequence != null" >
        SEQUENCE = #{sequence,jdbcType=BIGINT},
      </if>
      <if test="parentId != null" >
        PARENT_ID = #{parentId,jdbcType=BIGINT},
      </if>
      <if test="treeStruct != null" >
        TREE_STRUCT = #{treeStruct,jdbcType=VARCHAR},
      </if>
      <if test="createTime != null" >
        CREATE_TIME = #{createTime,jdbcType=TIMESTAMP},
      </if>
      <if test="ts != null" >
        TS = #{ts,jdbcType=TIMESTAMP},
      </if>
    </set>
    where ID = #{id,jdbcType=BIGINT}
  </update>
  <update id="updateByPrimaryKey" parameterType="com.wx.mobileDomain.MCommemorativeKind" >
    <!--
      WARNING - @mbggenerated
      This element is automatically generated by MyBatis Generator, do not modify.
    -->
    update m_commemorative_kind
    set NAME = #{name,jdbcType=VARCHAR},
      IMAGE = #{image,jdbcType=VARCHAR},
      IS_NODE = #{isNode,jdbcType=BIT},
      LEVEL = #{level,jdbcType=INTEGER},
      SEQUENCE = #{sequence,jdbcType=BIGINT},
      PARENT_ID = #{parentId,jdbcType=BIGINT},
      TREE_STRUCT = #{treeStruct,jdbcType=VARCHAR},
      CREATE_TIME = #{createTime,jdbcType=TIMESTAMP},
      TS = #{ts,jdbcType=TIMESTAMP}
    where ID = #{id,jdbcType=BIGINT}
  </update>
</mapper>