<?xml version="1.0" encoding="UTF-8" ?>
<!DOCTYPE mapper PUBLIC "-//mybatis.org//DTD Mapper 3.0//EN" "http://mybatis.org/dtd/mybatis-3-mapper.dtd" >
<mapper namespace="com.wx.mobileMapper.MCommemorativeGoodsMapper" >
  <resultMap id="BaseResultMap" type="com.wx.mobileDomain.MCommemorativeGoods" >
    <!--
      WARNING - @mbggenerated
      This element is automatically generated by MyBatis Generator, do not modify.
    -->
    <id column="ID" property="id" jdbcType="BIGINT" />
    <result column="GOODS_ID" property="goodsId" jdbcType="VARCHAR" />
    <result column="GOODS_TITLE" property="goodsTitle" jdbcType="VARCHAR" />
    <result column="SEQUENCE" property="sequence" jdbcType="INTEGER" />
    <result column="KIND_ID" property="kindId" jdbcType="BIGINT" />
    <result column="CREATE_TIME" property="createTime" jdbcType="TIMESTAMP" />
    <result column="TS" property="ts" jdbcType="TIMESTAMP" />
  </resultMap>
  <sql id="Example_Where_Clause" >
    <!--
      WARNING - @mbggenerated
      This element is automatically generated by MyBatis Generator, do not modify.
    -->
    <where >
      <foreach collection="oredCriteria" item="criteria" separator="or" >
        <if test="criteria.valid" >
          <trim prefix="(" suffix=")" prefixOverrides="and" >
            <foreach collection="criteria.criteria" item="criterion" >
              <choose >
                <when test="criterion.noValue" >
                  and ${criterion.condition}
                </when>
                <when test="criterion.singleValue" >
                  and ${criterion.condition} #{criterion.value}
                </when>
                <when test="criterion.betweenValue" >
                  and ${criterion.condition} #{criterion.value} and #{criterion.secondValue}
                </when>
                <when test="criterion.listValue" >
                  and ${criterion.condition}
                  <foreach collection="criterion.value" item="listItem" open="(" close=")" separator="," >
                    #{listItem}
                  </foreach>
                </when>
              </choose>
            </foreach>
          </trim>
        </if>
      </foreach>
    </where>
  </sql>
  <sql id="Update_By_Example_Where_Clause" >
    <!--
      WARNING - @mbggenerated
      This element is automatically generated by MyBatis Generator, do not modify.
    -->
    <where >
      <foreach collection="example.oredCriteria" item="criteria" separator="or" >
        <if test="criteria.valid" >
          <trim prefix="(" suffix=")" prefixOverrides="and" >
            <foreach collection="criteria.criteria" item="criterion" >
              <choose >
                <when test="criterion.noValue" >
                  and ${criterion.condition}
                </when>
                <when test="criterion.singleValue" >
                  and ${criterion.condition} #{criterion.value}
                </when>
                <when test="criterion.betweenValue" >
                  and ${criterion.condition} #{criterion.value} and #{criterion.secondValue}
                </when>
                <when test="criterion.listValue" >
                  and ${criterion.condition}
                  <foreach collection="criterion.value" item="listItem" open="(" close=")" separator="," >
                    #{listItem}
                  </foreach>
                </when>
              </choose>
            </foreach>
          </trim>
        </if>
      </foreach>
    </where>
  </sql>
  <sql id="Base_Column_List" >
    <!--
      WARNING - @mbggenerated
      This element is automatically generated by MyBatis Generator, do not modify.
    -->
    ID, GOODS_ID, GOODS_TITLE, SEQUENCE, KIND_ID, CREATE_TIME, TS
  </sql>
  <select id="selectByExample" resultMap="BaseResultMap" parameterType="com.wx.mobileDomain.MCommemorativeGoodsExample" >
    <!--
      WARNING - @mbggenerated
      This element is automatically generated by MyBatis Generator, do not modify.
    -->
    select
    <if test="distinct" >
      distinct
    </if>
    <include refid="Base_Column_List" />
    from m_commemorative_goods
    <if test="_parameter != null" >
      <include refid="Example_Where_Clause" />
    </if>
    <if test="orderByClause != null" >
      order by ${orderByClause}
    </if>
  </select>
  <select id="selectByPrimaryKey" resultMap="BaseResultMap" parameterType="java.lang.Long" >
    <!--
      WARNING - @mbggenerated
      This element is automatically generated by MyBatis Generator, do not modify.
    -->
    select 
    <include refid="Base_Column_List" />
    from m_commemorative_goods
    where ID = #{id,jdbcType=BIGINT}
  </select>
  <delete id="deleteByPrimaryKey" parameterType="java.lang.Long" >
    <!--
      WARNING - @mbggenerated
      This element is automatically generated by MyBatis Generator, do not modify.
    -->
    delete from m_commemorative_goods
    where ID = #{id,jdbcType=BIGINT}
  </delete>
  <delete id="deleteByExample" parameterType="com.wx.mobileDomain.MCommemorativeGoodsExample" >
    <!--
      WARNING - @mbggenerated
      This element is automatically generated by MyBatis Generator, do not modify.
    -->
    delete from m_commemorative_goods
    <if test="_parameter != null" >
      <include refid="Example_Where_Clause" />
    </if>
  </delete>
  <insert id="insert" parameterType="com.wx.mobileDomain.MCommemorativeGoods" >
    <!--
      WARNING - @mbggenerated
      This element is automatically generated by MyBatis Generator, do not modify.
    -->
    <selectKey resultType="java.lang.Long" keyProperty="id" order="AFTER" >
      SELECT LAST_INSERT_ID()
    </selectKey>
    insert into m_commemorative_goods (GOODS_ID, GOODS_TITLE, SEQUENCE, 
      KIND_ID, CREATE_TIME, TS
      )
    values (#{goodsId,jdbcType=VARCHAR}, #{goodsTitle,jdbcType=VARCHAR}, #{sequence,jdbcType=INTEGER}, 
      #{kindId,jdbcType=BIGINT}, #{createTime,jdbcType=TIMESTAMP}, #{ts,jdbcType=TIMESTAMP}
      )
  </insert>
  <insert id="insertSelective" parameterType="com.wx.mobileDomain.MCommemorativeGoods" >
    <!--
      WARNING - @mbggenerated
      This element is automatically generated by MyBatis Generator, do not modify.
    -->
    <selectKey resultType="java.lang.Long" keyProperty="id" order="AFTER" >
      SELECT LAST_INSERT_ID()
    </selectKey>
    insert into m_commemorative_goods
    <trim prefix="(" suffix=")" suffixOverrides="," >
      <if test="goodsId != null" >
        GOODS_ID,
      </if>
      <if test="goodsTitle != null" >
        GOODS_TITLE,
      </if>
      <if test="sequence != null" >
        SEQUENCE,
      </if>
      <if test="kindId != null" >
        KIND_ID,
      </if>
      <if test="createTime != null" >
        CREATE_TIME,
      </if>
      <if test="ts != null" >
        TS,
      </if>
    </trim>
    <trim prefix="values (" suffix=")" suffixOverrides="," >
      <if test="goodsId != null" >
        #{goodsId,jdbcType=VARCHAR},
      </if>
      <if test="goodsTitle != null" >
        #{goodsTitle,jdbcType=VARCHAR},
      </if>
      <if test="sequence != null" >
        #{sequence,jdbcType=INTEGER},
      </if>
      <if test="kindId != null" >
        #{kindId,jdbcType=BIGINT},
      </if>
      <if test="createTime != null" >
        #{createTime,jdbcType=TIMESTAMP},
      </if>
      <if test="ts != null" >
        #{ts,jdbcType=TIMESTAMP},
      </if>
    </trim>
  </insert>
  <select id="countByExample" parameterType="com.wx.mobileDomain.MCommemorativeGoodsExample" resultType="java.lang.Integer" >
    <!--
      WARNING - @mbggenerated
      This element is automatically generated by MyBatis Generator, do not modify.
    -->
    select count(*) from m_commemorative_goods
    <if test="_parameter != null" >
      <include refid="Example_Where_Clause" />
    </if>
  </select>
  <update id="updateByExampleSelective" parameterType="map" >
    <!--
      WARNING - @mbggenerated
      This element is automatically generated by MyBatis Generator, do not modify.
    -->
    update m_commemorative_goods
    <set >
      <if test="record.id != null" >
        ID = #{record.id,jdbcType=BIGINT},
      </if>
      <if test="record.goodsId != null" >
        GOODS_ID = #{record.goodsId,jdbcType=VARCHAR},
      </if>
      <if test="record.goodsTitle != null" >
        GOODS_TITLE = #{record.goodsTitle,jdbcType=VARCHAR},
      </if>
      <if test="record.sequence != null" >
        SEQUENCE = #{record.sequence,jdbcType=INTEGER},
      </if>
      <if test="record.kindId != null" >
        KIND_ID = #{record.kindId,jdbcType=BIGINT},
      </if>
      <if test="record.createTime != null" >
        CREATE_TIME = #{record.createTime,jdbcType=TIMESTAMP},
      </if>
      <if test="record.ts != null" >
        TS = #{record.ts,jdbcType=TIMESTAMP},
      </if>
    </set>
    <if test="_parameter != null" >
      <include refid="Update_By_Example_Where_Clause" />
    </if>
  </update>
  <update id="updateByExample" parameterType="map" >
    <!--
      WARNING - @mbggenerated
      This element is automatically generated by MyBatis Generator, do not modify.
    -->
    update m_commemorative_goods
    set ID = #{record.id,jdbcType=BIGINT},
      GOODS_ID = #{record.goodsId,jdbcType=VARCHAR},
      GOODS_TITLE = #{record.goodsTitle,jdbcType=VARCHAR},
      SEQUENCE = #{record.sequence,jdbcType=INTEGER},
      KIND_ID = #{record.kindId,jdbcType=BIGINT},
      CREATE_TIME = #{record.createTime,jdbcType=TIMESTAMP},
      TS = #{record.ts,jdbcType=TIMESTAMP}
    <if test="_parameter != null" >
      <include refid="Update_By_Example_Where_Clause" />
    </if>
  </update>
  <update id="updateByPrimaryKeySelective" parameterType="com.wx.mobileDomain.MCommemorativeGoods" >
    <!--
      WARNING - @mbggenerated
      This element is automatically generated by MyBatis Generator, do not modify.
    -->
    update m_commemorative_goods
    <set >
      <if test="goodsId != null" >
        GOODS_ID = #{goodsId,jdbcType=VARCHAR},
      </if>
      <if test="goodsTitle != null" >
        GOODS_TITLE = #{goodsTitle,jdbcType=VARCHAR},
      </if>
      <if test="sequence != null" >
        SEQUENCE = #{sequence,jdbcType=INTEGER},
      </if>
      <if test="kindId != null" >
        KIND_ID = #{kindId,jdbcType=BIGINT},
      </if>
      <if test="createTime != null" >
        CREATE_TIME = #{createTime,jdbcType=TIMESTAMP},
      </if>
      <if test="ts != null" >
        TS = #{ts,jdbcType=TIMESTAMP},
      </if>
    </set>
    where ID = #{id,jdbcType=BIGINT}
  </update>
  <update id="updateByPrimaryKey" parameterType="com.wx.mobileDomain.MCommemorativeGoods" >
    <!--
      WARNING - @mbggenerated
      This element is automatically generated by MyBatis Generator, do not modify.
    -->
    update m_commemorative_goods
    set GOODS_ID = #{goodsId,jdbcType=VARCHAR},
      GOODS_TITLE = #{goodsTitle,jdbcType=VARCHAR},
      SEQUENCE = #{sequence,jdbcType=INTEGER},
      KIND_ID = #{kindId,jdbcType=BIGINT},
      CREATE_TIME = #{createTime,jdbcType=TIMESTAMP},
      TS = #{ts,jdbcType=TIMESTAMP}
    where ID = #{id,jdbcType=BIGINT}
  </update>
</mapper>