<?xml version="1.0" encoding="UTF-8"?>
<!DOCTYPE mapper PUBLIC "-//mybatis.org//DTD Mapper 3.0//EN" "http://mybatis.org/dtd/mybatis-3-mapper.dtd">
<mapper namespace="com.wx.mobileMapper.MHotGoodsMapper">
  <resultMap id="BaseResultMap" type="com.wx.mobileDomain.MHotGoods">
    <!--
      WARNING - @mbggenerated
      This element is automatically generated by MyBatis Generator, do not modify.
    -->
    <id column="ID" jdbcType="BIGINT" property="id" />
    <result column="IMAGE" jdbcType="VARCHAR" property="image" />
    <result column="GOODS_ID" jdbcType="VARCHAR" property="goodsId" />
    <result column="GOODS_TITLE" jdbcType="VARCHAR" property="goodsTitle" />
    <result column="SEQUENCE" jdbcType="INTEGER" property="sequence" />
    <result column="IS_OPEN" jdbcType="CHAR" property="isOpen" />
    <result column="CREATE_TIME" jdbcType="TIMESTAMP" property="createTime" />
    <result column="TS" jdbcType="TIMESTAMP" property="ts" />
  </resultMap>
  <sql id="Example_Where_Clause">
    <!--
      WARNING - @mbggenerated
      This element is automatically generated by MyBatis Generator, do not modify.
    -->
    <where>
      <foreach collection="oredCriteria" item="criteria" separator="or">
        <if test="criteria.valid">
          <trim prefix="(" prefixOverrides="and" suffix=")">
            <foreach collection="criteria.criteria" item="criterion">
              <choose>
                <when test="criterion.noValue">
                  and ${criterion.condition}
                </when>
                <when test="criterion.singleValue">
                  and ${criterion.condition} #{criterion.value}
                </when>
                <when test="criterion.betweenValue">
                  and ${criterion.condition} #{criterion.value} and #{criterion.secondValue}
                </when>
                <when test="criterion.listValue">
                  and ${criterion.condition}
                  <foreach close=")" collection="criterion.value" item="listItem" open="(" separator=",">
                    #{listItem}
                  </foreach>
                </when>
              </choose>
            </foreach>
          </trim>
        </if>
      </foreach>
    </where>
  </sql>
  <sql id="Update_By_Example_Where_Clause">
    <!--
      WARNING - @mbggenerated
      This element is automatically generated by MyBatis Generator, do not modify.
    -->
    <where>
      <foreach collection="example.oredCriteria" item="criteria" separator="or">
        <if test="criteria.valid">
          <trim prefix="(" prefixOverrides="and" suffix=")">
            <foreach collection="criteria.criteria" item="criterion">
              <choose>
                <when test="criterion.noValue">
                  and ${criterion.condition}
                </when>
                <when test="criterion.singleValue">
                  and ${criterion.condition} #{criterion.value}
                </when>
                <when test="criterion.betweenValue">
                  and ${criterion.condition} #{criterion.value} and #{criterion.secondValue}
                </when>
                <when test="criterion.listValue">
                  and ${criterion.condition}
                  <foreach close=")" collection="criterion.value" item="listItem" open="(" separator=",">
                    #{listItem}
                  </foreach>
                </when>
              </choose>
            </foreach>
          </trim>
        </if>
      </foreach>
    </where>
  </sql>
  <sql id="Base_Column_List">
    <!--
      WARNING - @mbggenerated
      This element is automatically generated by MyBatis Generator, do not modify.
    -->
    ID, IMAGE, GOODS_ID, GOODS_TITLE, SEQUENCE, IS_OPEN, CREATE_TIME, TS
  </sql>
  <select id="selectByExample" parameterType="com.wx.mobileDomain.MHotGoodsExample" resultMap="BaseResultMap">
    <!--
      WARNING - @mbggenerated
      This element is automatically generated by MyBatis Generator, do not modify.
    -->
    select
    <if test="distinct">
      distinct
    </if>
    <include refid="Base_Column_List" />
    from m_hot_goods
    <if test="_parameter != null">
      <include refid="Example_Where_Clause" />
    </if>
    <if test="orderByClause != null">
      order by ${orderByClause}
    </if>
  </select>
  <select id="selectByPrimaryKey" parameterType="java.lang.Long" resultMap="BaseResultMap">
    <!--
      WARNING - @mbggenerated
      This element is automatically generated by MyBatis Generator, do not modify.
    -->
    select 
    <include refid="Base_Column_List" />
    from m_hot_goods
    where ID = #{id,jdbcType=BIGINT}
  </select>
  <delete id="deleteByPrimaryKey" parameterType="java.lang.Long">
    <!--
      WARNING - @mbggenerated
      This element is automatically generated by MyBatis Generator, do not modify.
    -->
    delete from m_hot_goods
    where ID = #{id,jdbcType=BIGINT}
  </delete>
  <delete id="deleteByExample" parameterType="com.wx.mobileDomain.MHotGoodsExample">
    <!--
      WARNING - @mbggenerated
      This element is automatically generated by MyBatis Generator, do not modify.
    -->
    delete from m_hot_goods
    <if test="_parameter != null">
      <include refid="Example_Where_Clause" />
    </if>
  </delete>
  <insert id="insert" parameterType="com.wx.mobileDomain.MHotGoods">
    <!--
      WARNING - @mbggenerated
      This element is automatically generated by MyBatis Generator, do not modify.
    -->
    <selectKey keyProperty="id" order="AFTER" resultType="java.lang.Long">
      SELECT LAST_INSERT_ID()
    </selectKey>
    insert into m_hot_goods (IMAGE, GOODS_ID, GOODS_TITLE, 
      SEQUENCE, IS_OPEN, CREATE_TIME, 
      TS)
    values (#{image,jdbcType=VARCHAR}, #{goodsId,jdbcType=VARCHAR}, #{goodsTitle,jdbcType=VARCHAR}, 
      #{sequence,jdbcType=INTEGER}, #{isOpen,jdbcType=CHAR}, #{createTime,jdbcType=TIMESTAMP}, 
      #{ts,jdbcType=TIMESTAMP})
  </insert>
  <insert id="insertSelective" parameterType="com.wx.mobileDomain.MHotGoods">
    <!--
      WARNING - @mbggenerated
      This element is automatically generated by MyBatis Generator, do not modify.
    -->
    <selectKey keyProperty="id" order="AFTER" resultType="java.lang.Long">
      SELECT LAST_INSERT_ID()
    </selectKey>
    insert into m_hot_goods
    <trim prefix="(" suffix=")" suffixOverrides=",">
      <if test="image != null">
        IMAGE,
      </if>
      <if test="goodsId != null">
        GOODS_ID,
      </if>
      <if test="goodsTitle != null">
        GOODS_TITLE,
      </if>
      <if test="sequence != null">
        SEQUENCE,
      </if>
      <if test="isOpen != null">
        IS_OPEN,
      </if>
      <if test="createTime != null">
        CREATE_TIME,
      </if>
      <if test="ts != null">
        TS,
      </if>
    </trim>
    <trim prefix="values (" suffix=")" suffixOverrides=",">
      <if test="image != null">
        #{image,jdbcType=VARCHAR},
      </if>
      <if test="goodsId != null">
        #{goodsId,jdbcType=VARCHAR},
      </if>
      <if test="goodsTitle != null">
        #{goodsTitle,jdbcType=VARCHAR},
      </if>
      <if test="sequence != null">
        #{sequence,jdbcType=INTEGER},
      </if>
      <if test="isOpen != null">
        #{isOpen,jdbcType=CHAR},
      </if>
      <if test="createTime != null">
        #{createTime,jdbcType=TIMESTAMP},
      </if>
      <if test="ts != null">
        #{ts,jdbcType=TIMESTAMP},
      </if>
    </trim>
  </insert>
  <select id="countByExample" parameterType="com.wx.mobileDomain.MHotGoodsExample" resultType="java.lang.Integer">
    <!--
      WARNING - @mbggenerated
      This element is automatically generated by MyBatis Generator, do not modify.
    -->
    select count(*) from m_hot_goods
    <if test="_parameter != null">
      <include refid="Example_Where_Clause" />
    </if>
  </select>
  <update id="updateByExampleSelective" parameterType="map">
    <!--
      WARNING - @mbggenerated
      This element is automatically generated by MyBatis Generator, do not modify.
    -->
    update m_hot_goods
    <set>
      <if test="record.id != null">
        ID = #{record.id,jdbcType=BIGINT},
      </if>
      <if test="record.image != null">
        IMAGE = #{record.image,jdbcType=VARCHAR},
      </if>
      <if test="record.goodsId != null">
        GOODS_ID = #{record.goodsId,jdbcType=VARCHAR},
      </if>
      <if test="record.goodsTitle != null">
        GOODS_TITLE = #{record.goodsTitle,jdbcType=VARCHAR},
      </if>
      <if test="record.sequence != null">
        SEQUENCE = #{record.sequence,jdbcType=INTEGER},
      </if>
      <if test="record.isOpen != null">
        IS_OPEN = #{record.isOpen,jdbcType=CHAR},
      </if>
      <if test="record.createTime != null">
        CREATE_TIME = #{record.createTime,jdbcType=TIMESTAMP},
      </if>
      <if test="record.ts != null">
        TS = #{record.ts,jdbcType=TIMESTAMP},
      </if>
    </set>
    <if test="_parameter != null">
      <include refid="Update_By_Example_Where_Clause" />
    </if>
  </update>
  <update id="updateByExample" parameterType="map">
    <!--
      WARNING - @mbggenerated
      This element is automatically generated by MyBatis Generator, do not modify.
    -->
    update m_hot_goods
    set ID = #{record.id,jdbcType=BIGINT},
      IMAGE = #{record.image,jdbcType=VARCHAR},
      GOODS_ID = #{record.goodsId,jdbcType=VARCHAR},
      GOODS_TITLE = #{record.goodsTitle,jdbcType=VARCHAR},
      SEQUENCE = #{record.sequence,jdbcType=INTEGER},
      IS_OPEN = #{record.isOpen,jdbcType=CHAR},
      CREATE_TIME = #{record.createTime,jdbcType=TIMESTAMP},
      TS = #{record.ts,jdbcType=TIMESTAMP}
    <if test="_parameter != null">
      <include refid="Update_By_Example_Where_Clause" />
    </if>
  </update>
  <update id="updateByPrimaryKeySelective" parameterType="com.wx.mobileDomain.MHotGoods">
    <!--
      WARNING - @mbggenerated
      This element is automatically generated by MyBatis Generator, do not modify.
    -->
    update m_hot_goods
    <set>
      <if test="image != null">
        IMAGE = #{image,jdbcType=VARCHAR},
      </if>
      <if test="goodsId != null">
        GOODS_ID = #{goodsId,jdbcType=VARCHAR},
      </if>
      <if test="goodsTitle != null">
        GOODS_TITLE = #{goodsTitle,jdbcType=VARCHAR},
      </if>
      <if test="sequence != null">
        SEQUENCE = #{sequence,jdbcType=INTEGER},
      </if>
      <if test="isOpen != null">
        IS_OPEN = #{isOpen,jdbcType=CHAR},
      </if>
      <if test="createTime != null">
        CREATE_TIME = #{createTime,jdbcType=TIMESTAMP},
      </if>
      <if test="ts != null">
        TS = #{ts,jdbcType=TIMESTAMP},
      </if>
    </set>
    where ID = #{id,jdbcType=BIGINT}
  </update>
  <update id="updateByPrimaryKey" parameterType="com.wx.mobileDomain.MHotGoods">
    <!--
      WARNING - @mbggenerated
      This element is automatically generated by MyBatis Generator, do not modify.
    -->
    update m_hot_goods
    set IMAGE = #{image,jdbcType=VARCHAR},
      GOODS_ID = #{goodsId,jdbcType=VARCHAR},
      GOODS_TITLE = #{goodsTitle,jdbcType=VARCHAR},
      SEQUENCE = #{sequence,jdbcType=INTEGER},
      IS_OPEN = #{isOpen,jdbcType=CHAR},
      CREATE_TIME = #{createTime,jdbcType=TIMESTAMP},
      TS = #{ts,jdbcType=TIMESTAMP}
    where ID = #{id,jdbcType=BIGINT}
  </update>

  <select id = "getOrderedList" resultType="java.util.Map">
      SELECT ID as id , GOODS_ID as goodsId,IMAGE as image,IS_OPEN as isOpen from m_hot_goods where IS_OPEN = 1 ORDER BY SEQUENCE DESC
  </select>
</mapper>