<?xml version="1.0" encoding="UTF-8" ?>
<!DOCTYPE mapper PUBLIC "-//mybatis.org//DTD Mapper 3.0//EN" "http://mybatis.org/dtd/mybatis-3-mapper.dtd" >
<mapper namespace="com.wx.mobileMapper.MWxAdsMapper" >
  <resultMap id="BaseResultMap" type="com.wx.mobileDomain.MWxAds" >
    <!--
      WARNING - @mbggenerated
      This element is automatically generated by MyBatis Generator, do not modify.
    -->
    <id column="ID" property="id" jdbcType="BIGINT" />
    <result column="TITLE" property="title" jdbcType="VARCHAR" />
    <result column="IMAGE" property="image" jdbcType="VARCHAR" />
    <result column="LINK" property="link" jdbcType="VARCHAR" />
    <result column="ADS_POSITION" property="adsPosition" jdbcType="VARCHAR" />
    <result column="SEQUENCE" property="sequence" jdbcType="INTEGER" />
    <result column="CREATE_TIME" property="createTime" jdbcType="TIMESTAMP" />
    <result column="TS" property="ts" jdbcType="TIMESTAMP" />
  </resultMap>
  <sql id="Example_Where_Clause" >
    <!--
      WARNING - @mbggenerated
      This element is automatically generated by MyBatis Generator, do not modify.
    -->
    <where >
      <foreach collection="oredCriteria" item="criteria" separator="or" >
        <if test="criteria.valid" >
          <trim prefix="(" suffix=")" prefixOverrides="and" >
            <foreach collection="criteria.criteria" item="criterion" >
              <choose >
                <when test="criterion.noValue" >
                  and ${criterion.condition}
                </when>
                <when test="criterion.singleValue" >
                  and ${criterion.condition} #{criterion.value}
                </when>
                <when test="criterion.betweenValue" >
                  and ${criterion.condition} #{criterion.value} and #{criterion.secondValue}
                </when>
                <when test="criterion.listValue" >
                  and ${criterion.condition}
                  <foreach collection="criterion.value" item="listItem" open="(" close=")" separator="," >
                    #{listItem}
                  </foreach>
                </when>
              </choose>
            </foreach>
          </trim>
        </if>
      </foreach>
    </where>
  </sql>
  <sql id="Update_By_Example_Where_Clause" >
    <!--
      WARNING - @mbggenerated
      This element is automatically generated by MyBatis Generator, do not modify.
    -->
    <where >
      <foreach collection="example.oredCriteria" item="criteria" separator="or" >
        <if test="criteria.valid" >
          <trim prefix="(" suffix=")" prefixOverrides="and" >
            <foreach collection="criteria.criteria" item="criterion" >
              <choose >
                <when test="criterion.noValue" >
                  and ${criterion.condition}
                </when>
                <when test="criterion.singleValue" >
                  and ${criterion.condition} #{criterion.value}
                </when>
                <when test="criterion.betweenValue" >
                  and ${criterion.condition} #{criterion.value} and #{criterion.secondValue}
                </when>
                <when test="criterion.listValue" >
                  and ${criterion.condition}
                  <foreach collection="criterion.value" item="listItem" open="(" close=")" separator="," >
                    #{listItem}
                  </foreach>
                </when>
              </choose>
            </foreach>
          </trim>
        </if>
      </foreach>
    </where>
  </sql>
  <sql id="Base_Column_List" >
    <!--
      WARNING - @mbggenerated
      This element is automatically generated by MyBatis Generator, do not modify.
    -->
    ID, TITLE, IMAGE, LINK, ADS_POSITION, SEQUENCE, CREATE_TIME, TS
  </sql>
  <select id="selectByExample" resultMap="BaseResultMap" parameterType="com.wx.mobileDomain.MWxAdsExample" >
    <!--
      WARNING - @mbggenerated
      This element is automatically generated by MyBatis Generator, do not modify.
    -->
    select
    <if test="distinct" >
      distinct
    </if>
    <include refid="Base_Column_List" />
    from m_wx_ads
    <if test="_parameter != null" >
      <include refid="Example_Where_Clause" />
    </if>
    <if test="orderByClause != null" >
      order by ${orderByClause}
    </if>
  </select>
  <select id="selectByPrimaryKey" resultMap="BaseResultMap" parameterType="java.lang.Long" >
    <!--
      WARNING - @mbggenerated
      This element is automatically generated by MyBatis Generator, do not modify.
    -->
    select 
    <include refid="Base_Column_List" />
    from m_wx_ads
    where ID = #{id,jdbcType=BIGINT}
  </select>
  <delete id="deleteByPrimaryKey" parameterType="java.lang.Long" >
    <!--
      WARNING - @mbggenerated
      This element is automatically generated by MyBatis Generator, do not modify.
    -->
    delete from m_wx_ads
    where ID = #{id,jdbcType=BIGINT}
  </delete>
  <delete id="deleteByExample" parameterType="com.wx.mobileDomain.MWxAdsExample" >
    <!--
      WARNING - @mbggenerated
      This element is automatically generated by MyBatis Generator, do not modify.
    -->
    delete from m_wx_ads
    <if test="_parameter != null" >
      <include refid="Example_Where_Clause" />
    </if>
  </delete>
  <insert id="insert" parameterType="com.wx.mobileDomain.MWxAds" >
    <!--
      WARNING - @mbggenerated
      This element is automatically generated by MyBatis Generator, do not modify.
    -->
    <selectKey resultType="java.lang.Long" keyProperty="id" order="AFTER" >
      SELECT LAST_INSERT_ID()
    </selectKey>
    insert into m_wx_ads (TITLE, IMAGE, LINK, 
      ADS_POSITION, SEQUENCE, CREATE_TIME, 
      TS)
    values (#{title,jdbcType=VARCHAR}, #{image,jdbcType=VARCHAR}, #{link,jdbcType=VARCHAR}, 
      #{adsPosition,jdbcType=VARCHAR}, #{sequence,jdbcType=INTEGER}, #{createTime,jdbcType=TIMESTAMP}, 
      #{ts,jdbcType=TIMESTAMP})
  </insert>
  <insert id="insertSelective" parameterType="com.wx.mobileDomain.MWxAds" >
    <!--
      WARNING - @mbggenerated
      This element is automatically generated by MyBatis Generator, do not modify.
    -->
    <selectKey resultType="java.lang.Long" keyProperty="id" order="AFTER" >
      SELECT LAST_INSERT_ID()
    </selectKey>
    insert into m_wx_ads
    <trim prefix="(" suffix=")" suffixOverrides="," >
      <if test="title != null" >
        TITLE,
      </if>
      <if test="image != null" >
        IMAGE,
      </if>
      <if test="link != null" >
        LINK,
      </if>
      <if test="adsPosition != null" >
        ADS_POSITION,
      </if>
      <if test="sequence != null" >
        SEQUENCE,
      </if>
      <if test="createTime != null" >
        CREATE_TIME,
      </if>
      <if test="ts != null" >
        TS,
      </if>
    </trim>
    <trim prefix="values (" suffix=")" suffixOverrides="," >
      <if test="title != null" >
        #{title,jdbcType=VARCHAR},
      </if>
      <if test="image != null" >
        #{image,jdbcType=VARCHAR},
      </if>
      <if test="link != null" >
        #{link,jdbcType=VARCHAR},
      </if>
      <if test="adsPosition != null" >
        #{adsPosition,jdbcType=VARCHAR},
      </if>
      <if test="sequence != null" >
        #{sequence,jdbcType=INTEGER},
      </if>
      <if test="createTime != null" >
        #{createTime,jdbcType=TIMESTAMP},
      </if>
      <if test="ts != null" >
        #{ts,jdbcType=TIMESTAMP},
      </if>
    </trim>
  </insert>
  <select id="countByExample" parameterType="com.wx.mobileDomain.MWxAdsExample" resultType="java.lang.Integer" >
    <!--
      WARNING - @mbggenerated
      This element is automatically generated by MyBatis Generator, do not modify.
    -->
    select count(*) from m_wx_ads
    <if test="_parameter != null" >
      <include refid="Example_Where_Clause" />
    </if>
  </select>
  <update id="updateByExampleSelective" parameterType="map" >
    <!--
      WARNING - @mbggenerated
      This element is automatically generated by MyBatis Generator, do not modify.
    -->
    update m_wx_ads
    <set >
      <if test="record.id != null" >
        ID = #{record.id,jdbcType=BIGINT},
      </if>
      <if test="record.title != null" >
        TITLE = #{record.title,jdbcType=VARCHAR},
      </if>
      <if test="record.image != null" >
        IMAGE = #{record.image,jdbcType=VARCHAR},
      </if>
      <if test="record.link != null" >
        LINK = #{record.link,jdbcType=VARCHAR},
      </if>
      <if test="record.adsPosition != null" >
        ADS_POSITION = #{record.adsPosition,jdbcType=VARCHAR},
      </if>
      <if test="record.sequence != null" >
        SEQUENCE = #{record.sequence,jdbcType=INTEGER},
      </if>
      <if test="record.createTime != null" >
        CREATE_TIME = #{record.createTime,jdbcType=TIMESTAMP},
      </if>
      <if test="record.ts != null" >
        TS = #{record.ts,jdbcType=TIMESTAMP},
      </if>
    </set>
    <if test="_parameter != null" >
      <include refid="Update_By_Example_Where_Clause" />
    </if>
  </update>
  <update id="updateByExample" parameterType="map" >
    <!--
      WARNING - @mbggenerated
      This element is automatically generated by MyBatis Generator, do not modify.
    -->
    update m_wx_ads
    set ID = #{record.id,jdbcType=BIGINT},
      TITLE = #{record.title,jdbcType=VARCHAR},
      IMAGE = #{record.image,jdbcType=VARCHAR},
      LINK = #{record.link,jdbcType=VARCHAR},
      ADS_POSITION = #{record.adsPosition,jdbcType=VARCHAR},
      SEQUENCE = #{record.sequence,jdbcType=INTEGER},
      CREATE_TIME = #{record.createTime,jdbcType=TIMESTAMP},
      TS = #{record.ts,jdbcType=TIMESTAMP}
    <if test="_parameter != null" >
      <include refid="Update_By_Example_Where_Clause" />
    </if>
  </update>
  <update id="updateByPrimaryKeySelective" parameterType="com.wx.mobileDomain.MWxAds" >
    <!--
      WARNING - @mbggenerated
      This element is automatically generated by MyBatis Generator, do not modify.
    -->
    update m_wx_ads
    <set >
      <if test="title != null" >
        TITLE = #{title,jdbcType=VARCHAR},
      </if>
      <if test="image != null" >
        IMAGE = #{image,jdbcType=VARCHAR},
      </if>
      <if test="link != null" >
        LINK = #{link,jdbcType=VARCHAR},
      </if>
      <if test="adsPosition != null" >
        ADS_POSITION = #{adsPosition,jdbcType=VARCHAR},
      </if>
      <if test="sequence != null" >
        SEQUENCE = #{sequence,jdbcType=INTEGER},
      </if>
      <if test="createTime != null" >
        CREATE_TIME = #{createTime,jdbcType=TIMESTAMP},
      </if>
      <if test="ts != null" >
        TS = #{ts,jdbcType=TIMESTAMP},
      </if>
    </set>
    where ID = #{id,jdbcType=BIGINT}
  </update>
  <update id="updateByPrimaryKey" parameterType="com.wx.mobileDomain.MWxAds" >
    <!--
      WARNING - @mbggenerated
      This element is automatically generated by MyBatis Generator, do not modify.
    -->
    update m_wx_ads
    set TITLE = #{title,jdbcType=VARCHAR},
      IMAGE = #{image,jdbcType=VARCHAR},
      LINK = #{link,jdbcType=VARCHAR},
      ADS_POSITION = #{adsPosition,jdbcType=VARCHAR},
      SEQUENCE = #{sequence,jdbcType=INTEGER},
      CREATE_TIME = #{createTime,jdbcType=TIMESTAMP},
      TS = #{ts,jdbcType=TIMESTAMP}
    where ID = #{id,jdbcType=BIGINT}
  </update>

  <select id="getList" resultType="java.util.Map" >
  SELECT ads.ID as id ,ads.title as title,ads.image as image,ads.LINK as link,ads.SEQUENCE as sequence ,ads.CREATE_TIME as createTime , pos.TITLE as postionTitle
              from m_wx_ads ads LEFT JOIN m_wx_ads_position pos
              on ads.ADS_POSITION= pos.ADS_POSITION ORDER BY ads.CREATE_TIME DESC
  </select>

  <select id="getOrderedList" resultType="java.util.Map" >
    SELECT link as link,image as image, ADS_POSITION as adsPosition from m_wx_ads  ORDER BY ADS_POSITION,SEQUENCE DESC
  </select>
</mapper>