<?xml version="1.0" encoding="utf-8"?>
<beans xmlns="http://www.springframework.org/schema/beans"
       xmlns:xsi="http://www.w3.org/2001/XMLSchema-instance"
       xsi:schemaLocation="http://www.springframework.org/schema/beans
		http://www.springframework.org/schema/beans/spring-beans-3.0.xsd"
       default-autowire="byName">

    <bean id = "defaultMQProducer" class="com.alibaba.rocketmq.client.producer.DefaultMQProducer"
          init-method="start" destroy-method="shutdown">
        <property name="namesrvAddr" value="${mq.namesrv.addr1}" />
        <property name="instanceName" value="${mq.producer.instance.name}" />
        <property name="producerGroup" value="${mq.producer.group}" />
    </bean>

    <bean id = "defaultMQPushConsumer" class="com.alibaba.rocketmq.client.consumer.DefaultMQPushConsumer">
        <property name="namesrvAddr" value="${mq.namesrv.addr1}" />
        <property name="instanceName" value="${mq.consumer.instance.name}" />
        <property name="consumerGroup" value="${mq.consumer.group}" />
    </bean>

    <!--MQ生产者-->
    <bean id="rocketMQProducer" class="com.chngc.order.background.RocketMQProducer">
        <property name="rocketMQProducer" ref="defaultMQProducer" />
    </bean>
    <!--MQ消费者-->
    <bean class="com.chngc.order.background.RocketMQConsumerListener" />

</beans>