<?xml version="1.0" encoding="UTF-8"?>
<beans xmlns="http://www.springframework.org/schema/beans"
       xmlns:xsi="http://www.w3.org/2001/XMLSchema-instance"
       xmlns:aop="http://www.springframework.org/schema/aop"
       xmlns:tx="http://www.springframework.org/schema/tx"
       xmlns:context="http://www.springframework.org/schema/context"
       xmlns:task="http://www.springframework.org/schema/task"
       xsi:schemaLocation="
            http://www.springframework.org/schema/beans http://www.springframework.org/schema/beans/spring-beans-4.0.xsd
            http://www.springframework.org/schema/aop http://www.springframework.org/schema/aop/spring-aop-4.0.xsd
            http://www.springframework.org/schema/tx http://www.springframework.org/schema/tx/spring-tx-4.0.xsd
            http://www.springframework.org/schema/context http://www.springframework.org/schema/context/spring-context-4.0.xsd
            http://www.springframework.org/schema/task http://www.springframework.org/schema/task/spring-task-4.0.xsd"
       default-autowire="byName">

    <import resource="classpath:redis-config/redis.xml" />

    <bean id="propertyConfigurer" class="org.springframework.beans.factory.config.PropertyPlaceholderConfigurer">
        <property name="locations">
            <list>
                <!-- 这里支持多种寻址方式：classpath和file -->
                <value>classpath:redis-config/redis.properties</value>
                <value>classpath:jdbc.properties</value>
            </list>
        </property>
        <property name="fileEncoding" value="utf-8" />
    </bean>

    <!-- spring注解扫描 -->
    <context:annotation-config />
    
    <!-- 开启切面注解 -->
    <aop:aspectj-autoproxy proxy-target-class="true"/>
    
    <!-- 开启spring事务注解化 -->
    <tx:annotation-driven transaction-manager="wechatTransactionManager" proxy-target-class="true" />
    
    <!-- 调度注解 -->
    <task:annotation-driven/>
    
    <context:component-scan base-package="com.wx.service"/>
    <context:component-scan base-package="com.wx.web.websocket"/>

    <bean id="dsWechat" class="com.mchange.v2.c3p0.ComboPooledDataSource">
        <!-- 指定连接数据库的驱动-->
        <property name="driverClass" value="${dsWechat.jdbc.driverClassName}"/>
        <!-- 指定连接数据库的URL-->
        <property name="jdbcUrl" value="${dsWechat.jdbc.url}"/>
        <!-- 指定连接数据库的用户名-->
        <property name="user" value="${dsWechat.jdbc.username}"/>
        <!-- 指定连接数据库的密码-->
        <property name="password" value="${dsWechat.jdbc.password}"/>
        <!-- 指定连接池中保留的最大连接数. Default:15-->
        <property name="maxPoolSize" value="15"/>
        <!-- 指定连接池中保留的最小连接数-->
        <property name="minPoolSize" value="5"/>
        <!-- 指定连接池的初始化连接数  取值应在minPoolSize 与 maxPoolSize 之间.Default:3-->
        <property name="initialPoolSize" value="5"/>
        <!-- 最大空闲时间,60秒内未使用则连接被丢弃。若为0则永不丢弃。 Default:0-->
        <property name="maxIdleTime" value="1800"/>
        <!-- 当连接池中的连接耗尽的时候c3p0一次同时获取的连接数. Default:3-->
        <property name="acquireIncrement" value="5"/>
        <property name="maxStatements" value="5"/>
        <property name="preferredTestQuery" value="SELECT 1"/>
        <property name="idleConnectionTestPeriod" value="18000"/>
        <property name="testConnectionOnCheckout" value="true"/>
    </bean>

    <bean id="dsMobile" class="com.mchange.v2.c3p0.ComboPooledDataSource">
        <!-- 指定连接数据库的驱动-->
        <property name="driverClass" value="${dsMobile.jdbc.driverClassName}"/>
        <!-- 指定连接数据库的URL-->
        <property name="jdbcUrl" value="${dsMobile.jdbc.url}"/>
        <!-- 指定连接数据库的用户名-->
        <property name="user" value="${dsMobile.jdbc.username}"/>
        <!-- 指定连接数据库的密码-->
        <property name="password" value="${dsMobile.jdbc.password}"/>
        <!-- 指定连接池中保留的最大连接数. Default:15-->
        <property name="maxPoolSize" value="15"/>
        <!-- 指定连接池中保留的最小连接数-->
        <property name="minPoolSize" value="5"/>
        <!-- 指定连接池的初始化连接数  取值应在minPoolSize 与 maxPoolSize 之间.Default:3-->
        <property name="initialPoolSize" value="5"/>
        <!-- 最大空闲时间,60秒内未使用则连接被丢弃。若为0则永不丢弃。 Default:0-->
        <property name="maxIdleTime" value="1800"/>
        <!-- 当连接池中的连接耗尽的时候c3p0一次同时获取的连接数. Default:3-->
        <property name="acquireIncrement" value="5"/>
        <property name="maxStatements" value="5"/>
        <property name="preferredTestQuery" value="SELECT 1"/>
        <property name="idleConnectionTestPeriod" value="18000"/>
        <property name="testConnectionOnCheckout" value="true"/>
    </bean>

    <bean id="dsEcShop" class="com.mchange.v2.c3p0.ComboPooledDataSource">
        <!-- 指定连接数据库的驱动-->
        <property name="driverClass" value="${dsEcShop.jdbc.driverClassName}"/>
        <!-- 指定连接数据库的URL-->
        <property name="jdbcUrl" value="${dsEcShop.jdbc.url}"/>
        <!-- 指定连接数据库的用户名-->
        <property name="user" value="${dsEcShop.jdbc.username}"/>
        <!-- 指定连接数据库的密码-->
        <property name="password" value="${dsEcShop.jdbc.password}"/>
        <!-- 指定连接池中保留的最大连接数. Default:15-->
        <property name="maxPoolSize" value="15"/>
        <!-- 指定连接池中保留的最小连接数-->
        <property name="minPoolSize" value="5"/>
        <!-- 指定连接池的初始化连接数  取值应在minPoolSize 与 maxPoolSize 之间.Default:3-->
        <property name="initialPoolSize" value="5"/>
        <!-- 最大空闲时间,60秒内未使用则连接被丢弃。若为0则永不丢弃。 Default:0-->
        <property name="maxIdleTime" value="1800"/>
        <!-- 当连接池中的连接耗尽的时候c3p0一次同时获取的连接数. Default:3-->
        <property name="acquireIncrement" value="5"/>
        <property name="maxStatements" value="5"/>
        <property name="preferredTestQuery" value="SELECT 1"/>
        <property name="idleConnectionTestPeriod" value="18000"/>
        <property name="testConnectionOnCheckout" value="true"/>
    </bean>

    <bean id="wechatSqlSessionFactory" class="org.mybatis.spring.SqlSessionFactoryBean">
        <property name="dataSource" ref="dsWechat" />
        <property name="configLocation" value="classpath:mybatis-config.xml" />
        <property name="mapperLocations" value="classpath:com/wx/mapper/*Mapper.xml" />  
        <property name="typeAliasesPackage" value="com.wx.domain" />  
    </bean>

    <bean id="mobileSqlSessionFactory" class="org.mybatis.spring.SqlSessionFactoryBean">
        <property name="dataSource" ref="dsMobile" />
        <property name="configLocation" value="classpath:mybatis-config.xml" />
        <property name="mapperLocations" value="classpath:com/wx/mobileMapper/*Mapper.xml" />
        <property name="typeAliasesPackage" value="com.wx.mobileDomain" />
    </bean>

    <bean id="ecShopSqlSessionFactory" class="org.mybatis.spring.SqlSessionFactoryBean">
        <property name="dataSource" ref="dsEcShop" />
        <property name="configLocation" value="classpath:mybatis-config.xml" />
        <property name="mapperLocations" value="classpath:com/wx/ecShopMapper/*Mapper.xml" />
        <property name="typeAliasesPackage" value="com.wx.mobileDomain" />
    </bean>


    
	<bean id="jdbcTemplate" class="org.springframework.jdbc.core.JdbcTemplate">
	   <property name="dataSource" ref="dsWechat" />
	</bean>




    <bean id="weChatMapperScannerConfigurer" class="org.mybatis.spring.mapper.MapperScannerConfigurer">
        <property name="basePackage" value="com.wx.mapper" />
        <property name="sqlSessionFactoryBeanName" value="wechatSqlSessionFactory"></property>
    </bean>

    <bean id="mobileMapperScannerConfigurer" class="org.mybatis.spring.mapper.MapperScannerConfigurer">
        <property name="basePackage" value="com.wx.mobileMapper" />
        <property name="sqlSessionFactoryBeanName" value="mobileSqlSessionFactory"></property>
    </bean>

    <bean id="ecShopMapperScannerConfigurer" class="org.mybatis.spring.mapper.MapperScannerConfigurer">
        <property name="basePackage" value="com.wx.ecShopMapper" />
        <property name="sqlSessionFactoryBeanName" value="ecShopSqlSessionFactory"></property>
    </bean>


    <bean id="wechatTransactionManager" class="org.springframework.jdbc.datasource.DataSourceTransactionManager">
        <property name="dataSource" ref="dsWechat" />
    </bean>

</beans>