<?xml version="1.0" encoding="UTF-8"?>
        <!DOCTYPE generatorConfiguration
                PUBLIC "-//mybatis.org//DTD MyBatis Generator Configuration 1.0//EN"
                "http://mybatis.org/dtd/mybatis-generator-config_1_0.dtd">
<generatorConfiguration>
<context id="MysqlContext" targetRuntime="MyBatis3" defaultModelType="flat">
    <property name="beginningDelimiter" value="`"/>
    <property name="endingDelimiter" value="`"/>
    <property name="useActualColumnNames" value="false" />

    <!-- 这里引入扩展插件-->
    <plugin type="org.mybatis.generator.plugins.SerializablePlugin"></plugin>

    <commentGenerator>
        <property name="suppressDate" value="true"/>
        <!-- 是否去除自动生成的注释 true：是 ： false:否 -->
        <property name="suppressAllComments" value="false"/>
    </commentGenerator>

    <jdbcConnection driverClass="com.mysql.jdbc.Driver"
                    connectionURL="jdbc:mysql://192.168.170.188:3306/chngc_mobile"
                    userId="dev"
                    password="dev">
    </jdbcConnection>

    <javaModelGenerator targetPackage="com.wx.mobileDomain" targetProject="src/main/java">
        <property name="trimStrings" value="true" />
    </javaModelGenerator>

    <sqlMapGenerator targetPackage="com.wx.mobileMapper"  targetProject="src/main/java"/>

    <javaClientGenerator type="XMLMAPPER" targetPackage="com.wx.mobileMapper"  targetProject="src/main/java"/>

    <table tableName="m_panda_kind" domainObjectName="MPandaKind">
        <generatedKey column="id" sqlStatement="SELECT LAST_INSERT_ID()" identity="true"/>
    </table>
    <table tableName="m_panda_goods" domainObjectName="MPandaGoods">
        <generatedKey column="id" sqlStatement="SELECT LAST_INSERT_ID()" identity="true"/>
    </table>

</context>
</generatorConfiguration>