<?xml version="1.0" encoding="UTF-8"?>
<configuration scan="true" scanPeriod="30 seconds">

    <!-- 文件日志输出 -->
    <appender name="FILE" class="ch.qos.logback.core.rolling.RollingFileAppender">
        <!-- 当前Log文件名 -->
        <file>/data/logs/tomcat/wecaht-admin-web/wecaht-admin-web.log</file>
        <rollingPolicy class="ch.qos.logback.core.rolling.TimeBasedRollingPolicy">
            <fileNamePattern>/data/logs/tomcat/wecaht-admin-web/archive/wecaht-admin-web.%d{yyyy-MM-dd}.zip</fileNamePattern>
            <!-- 超过30天的备份文件会被删除 -->
            <maxHistory>30</maxHistory>
        </rollingPolicy>

        <layout class="ch.qos.logback.classic.PatternLayout">
             <pattern>
             <![CDATA[
             %n%-4r [%d{yyyy-MM-dd HH:mm:ss} %X{productionMode}] - %X{method} %X{requestURIWithQueryString} [ip=%X{remoteAddr}, ref=%X{referrer}, ua=%X{userAgent}, sid=%X{cookie.JSESSIONID}]%n  %-5level %logger{35} - %m%n
             ]]>
             </pattern>
         </layout>
    </appender>
    
    <!-- 我的日志 -->
    <logger name="com.wx" level="INFO" />
    
    <!-- 数据库操作日志 -->
    <logger name="com.ibatis" level="DEBUG" />
    <logger name="com.ibatis.common.jdbc.SimpleDataSource" level="DEBUG" />
    <logger name="com.ibatis.common.jdbc.ScriptRunner" level="DEBUG" />
    <logger name="com.ibatis.sqlmap.engine.impl.SqlMapClientDelegate" level="DEBUG" />
    <logger name="java.sql.Connection" level="DEBUG" />
    <logger name="java.sql.Statement" level="DEBUG" />
    <logger name="java.sql.PreparedStatement" level="DEBUG" />
    <logger name="org.mybatis.spring" level="DEBUG" />
    <logger name="org.apache.ibatis" level="DEBUG" />

    <!-- 根日志 -->
    <root level="INFO">
        <appender-ref ref="FILE" />
    </root>
    
</configuration>