<?xml version="1.0" encoding="UTF-8"?>
<beans xmlns="http://www.springframework.org/schema/beans" 
    xmlns:xsi="http://www.w3.org/2001/XMLSchema-instance"
    xmlns:mvc="http://www.springframework.org/schema/mvc" 
    xmlns:aop="http://www.springframework.org/schema/aop"
    xmlns:context="http://www.springframework.org/schema/context"
    xmlns:websocket="http://www.springframework.org/schema/websocket"
    xsi:schemaLocation="http://www.springframework.org/schema/mvc http://www.springframework.org/schema/mvc/spring-mvc-4.0.xsd
        http://www.springframework.org/schema/beans http://www.springframework.org/schema/beans/spring-beans-4.0.xsd
        http://www.springframework.org/schema/aop http://www.springframework.org/schema/aop/spring-aop-4.0.xsd
        http://www.springframework.org/schema/context http://www.springframework.org/schema/context/spring-context-4.0.xsd
        http://www.springframework.org/schema/websocket http://www.springframework.org/schema/websocket/spring-websocket-4.0.xsd">
    
    <context:annotation-config />
    
    <!-- 切面注解配置 -->
    <aop:aspectj-autoproxy proxy-target-class="true"/>
    
    <!-- 设置使用注解的类所在的jar包 -->
    <context:component-scan base-package="com.wx.web.controller"/>
    <context:component-scan base-package="com.wx.web.websocket"/>
    
    <!-- 启用spring mvc 注解 -->
    <mvc:annotation-driven validator="validator"/>
    
    <!-- 以下validator ConversionService 在使用 mvc:annotation-driven 会自动注册-->      
    <bean id="validator" class="org.springframework.validation.beanvalidation.LocalValidatorFactoryBean">          
        <property name="providerClass" value="org.hibernate.validator.HibernateValidator"/>
	    
	    <!-- 如果不加默认到 使用classpath下的 ValidationMessages.properties -->
	    <property name="validationMessageSource" ref="messageSource"/>
	</bean>
	
    <!-- 国际化的消息资源文件（本系统中主要用于显示/错误消息定制） -->
    <bean id="messageSource" class="org.springframework.context.support.ReloadableResourceBundleMessageSource">
        <property name="basenames">
	        <list>
	            <!-- 在web环境中一定要定位到classpath 否则默认到当前web应用下找  -->
	            <value>classpath:ValidationMessages</value>
	        </list>
        </property>
	    <property name="useCodeAsDefaultMessage" value="false"/>
	    <property name="defaultEncoding" value="UTF-8"/>
	    <property name="cacheSeconds" value="60"/>
    </bean>
    
    <bean class="org.springframework.web.servlet.view.InternalResourceViewResolver">
        <property name="prefix" value="/view/"/>
        <property name="suffix" value=".jsp"/>
        <property name="viewClass" value="org.springframework.web.servlet.view.JstlView" />
    </bean>
    
    
    <!--解析返回JSON -->
	<bean class="org.springframework.web.servlet.mvc.method.annotation.RequestMappingHandlerAdapter">
		<property name="messageConverters">
			<list >
			 <ref bean="mappingJacksonHttpMessageConverter" />
			</list>
		</property>
	</bean>
	
    <bean id="mappingJacksonHttpMessageConverter" class="org.springframework.http.converter.json.MappingJackson2HttpMessageConverter">
		<property name="supportedMediaTypes">
			<list>
	            <value>text/html;charset=UTF-8</value>
			</list>
		</property>
    </bean>
    
    
    <!-- SpringMVC上传文件时,需配置MultipartResolver处理器 -->
    <bean id="multipartResolver" class="org.springframework.web.multipart.commons.CommonsMultipartResolver">
        <!-- 指定所上传文件的总大小不能超过800KB......注意maxUploadSize属性的限制不是针对单个文件,而是所有文件的容量之和 -->
        <!--<property name="maxUploadSize" value="800000000000000000"/>-->
    </bean>
    
    
    <!-- SpringMVC在超出上传文件限制时,会抛出org.springframework.web.multipart.MaxUploadSizeExceededException -->
    <!-- 该异常是SpringMVC在检查上传的文件信息时抛出来的,而且此时还没有进入到Controller方法中 -->
    <bean id="exceptionResolver" class="org.springframework.web.servlet.handler.SimpleMappingExceptionResolver">
        <property name="exceptionMappings">
            <props>
                <!-- 遇到MaxUploadSizeExceededException异常时,自动跳转到/WEB-INF/jsp/error_fileupload.jsp页面 -->
                <prop key="org.springframework.web.multipart.MaxUploadSizeExceededException">404</prop>
            </props>
        </property>
    </bean>
    
    
   <mvc:default-servlet-handler/>
	
   <mvc:interceptors>
       <mvc:interceptor>
           <mvc:mapping path="/**" />
           <bean class="com.wx.web.interceptor.ContextInterceptor" />
       </mvc:interceptor>
   
       <mvc:interceptor>
           <mvc:mapping path="/manager/**" />
           <bean class="com.wx.web.interceptor.LoginControllerInterceptor" />
       </mvc:interceptor>
       
   </mvc:interceptors>

</beans>