<?xml version="1.0" encoding="utf-8"?>
<beans xmlns="http://www.springframework.org/schema/beans"
       xmlns:xsi="http://www.w3.org/2001/XMLSchema-instance" xmlns:dubbo="http://code.alibabatech.com/schema/dubbo"
       xsi:schemaLocation="
            http://www.springframework.org/schema/beans
            http://www.springframework.org/schema/beans/spring-beans-3.0.xsd
            http://code.alibabatech.com/schema/dubbo
            http://code.alibabatech.com/schema/dubbo/dubbo.xsd"
       default-autowire="byName">

    <bean id="propertyConfigurer" class="org.springframework.beans.factory.config.PropertyPlaceholderConfigurer">
        <property name="location" value="${pom.dubbo.properties-file}"/>
    </bean>

    <import resource="classpath:conf/datasources.xml"/>
    <import resource="classpath:blank-service-config.xml"/>

    <dubbo:application name="blank-service"/>

    <dubbo:provider threadpool="cached" loadbalance="roundrobin" cluster="failfast" delay="-1"/>
    <dubbo:protocol name="dubbo" port="${prop.dubbo.protocol.port}"/>
    <dubbo:registry protocol="${prop.registry.protocol}" address="${prop.registry.address}"/>


    <!--注册服务-->
    <dubbo:service ref="testBlankService" interface="com.chngc.blank.service.ITestBlankService" delay="-1"
                   cluster="failfast"/>

</beans>