<?xml version="1.0" encoding="UTF-8"?>
<!DOCTYPE mapper PUBLIC "-//mybatis.org//DTD Mapper 3.0//EN" "http://mybatis.org/dtd/mybatis-3-mapper.dtd">
<mapper namespace="com.wx.mapper.AuthActionMapper">
  <resultMap id="BaseResultMap" type="com.wx.domain.AuthAction">
    <!--
      WARNING - @mbggenerated
      This element is automatically generated by MyBatis Generator, do not modify.
    -->
    <id column="id" jdbcType="BIGINT" property="id" />
    <result column="url" jdbcType="VARCHAR" property="url" />
    <result column="name" jdbcType="VARCHAR" property="name" />
    <result column="icon" jdbcType="VARCHAR" property="icon" />
    <result column="isNode" jdbcType="BIT" property="isNode" />
    <result column="level" jdbcType="INTEGER" property="level" />
    <result column="sequence" jdbcType="BIGINT" property="sequence" />
    <result column="parentId" jdbcType="BIGINT" property="parentId" />
    <result column="treeStruct" jdbcType="VARCHAR" property="treeStruct" />
    <result column="createTime" jdbcType="TIMESTAMP" property="createTime" />
    <result column="updateTime" jdbcType="TIMESTAMP" property="updateTime" />
  </resultMap>
  <sql id="Example_Where_Clause">
    <!--
      WARNING - @mbggenerated
      This element is automatically generated by MyBatis Generator, do not modify.
    -->
    <where>
      <foreach collection="oredCriteria" item="criteria" separator="or">
        <if test="criteria.valid">
          <trim prefix="(" prefixOverrides="and" suffix=")">
            <foreach collection="criteria.criteria" item="criterion">
              <choose>
                <when test="criterion.noValue">
                  and ${criterion.condition}
                </when>
                <when test="criterion.singleValue">
                  and ${criterion.condition} #{criterion.value}
                </when>
                <when test="criterion.betweenValue">
                  and ${criterion.condition} #{criterion.value} and #{criterion.secondValue}
                </when>
                <when test="criterion.listValue">
                  and ${criterion.condition}
                  <foreach close=")" collection="criterion.value" item="listItem" open="(" separator=",">
                    #{listItem}
                  </foreach>
                </when>
              </choose>
            </foreach>
          </trim>
        </if>
      </foreach>
    </where>
  </sql>
  <sql id="Update_By_Example_Where_Clause">
    <!--
      WARNING - @mbggenerated
      This element is automatically generated by MyBatis Generator, do not modify.
    -->
    <where>
      <foreach collection="example.oredCriteria" item="criteria" separator="or">
        <if test="criteria.valid">
          <trim prefix="(" prefixOverrides="and" suffix=")">
            <foreach collection="criteria.criteria" item="criterion">
              <choose>
                <when test="criterion.noValue">
                  and ${criterion.condition}
                </when>
                <when test="criterion.singleValue">
                  and ${criterion.condition} #{criterion.value}
                </when>
                <when test="criterion.betweenValue">
                  and ${criterion.condition} #{criterion.value} and #{criterion.secondValue}
                </when>
                <when test="criterion.listValue">
                  and ${criterion.condition}
                  <foreach close=")" collection="criterion.value" item="listItem" open="(" separator=",">
                    #{listItem}
                  </foreach>
                </when>
              </choose>
            </foreach>
          </trim>
        </if>
      </foreach>
    </where>
  </sql>
  <sql id="Base_Column_List">
    <!--
      WARNING - @mbggenerated
      This element is automatically generated by MyBatis Generator, do not modify.
    -->
    id, url, name, icon, isNode, level, sequence, parentId, treeStruct, createTime, updateTime
  </sql>
  <select id="selectByExample" parameterType="com.wx.domain.AuthActionExample" resultMap="BaseResultMap">
    <!--
      WARNING - @mbggenerated
      This element is automatically generated by MyBatis Generator, do not modify.
    -->
    select
    <if test="distinct">
      distinct
    </if>
    <include refid="Base_Column_List" />
    from db_auth_action
    <if test="_parameter != null">
      <include refid="Example_Where_Clause" />
    </if>
    <if test="orderByClause != null">
      order by ${orderByClause}
    </if>
    <if test="limitStart != null and limitStart&gt;=0">
      limit #{limitStart} , #{limitEnd}
    </if>
  </select>
  <select id="selectByPrimaryKey" parameterType="java.lang.Long" resultMap="BaseResultMap">
    <!--
      WARNING - @mbggenerated
      This element is automatically generated by MyBatis Generator, do not modify.
    -->
    select 
    <include refid="Base_Column_List" />
    from db_auth_action
    where id = #{id,jdbcType=BIGINT}
  </select>
  <delete id="deleteByPrimaryKey" parameterType="java.lang.Long">
    <!--
      WARNING - @mbggenerated
      This element is automatically generated by MyBatis Generator, do not modify.
    -->
    delete from db_auth_action
    where id = #{id,jdbcType=BIGINT}
  </delete>
  <delete id="deleteByExample" parameterType="com.wx.domain.AuthActionExample">
    <!--
      WARNING - @mbggenerated
      This element is automatically generated by MyBatis Generator, do not modify.
    -->
    delete from db_auth_action
    <if test="_parameter != null">
      <include refid="Example_Where_Clause" />
    </if>
  </delete>
  <insert id="insert" parameterType="com.wx.domain.AuthAction">
    <!--
      WARNING - @mbggenerated
      This element is automatically generated by MyBatis Generator, do not modify.
    -->
    <selectKey keyProperty="id" order="AFTER" resultType="java.lang.Long">
      SELECT LAST_INSERT_ID()
    </selectKey>
    insert into db_auth_action (url, name, icon, 
      isNode, level, sequence, 
      parentId, treeStruct, createTime, 
      updateTime)
    values (#{url,jdbcType=VARCHAR}, #{name,jdbcType=VARCHAR}, #{icon,jdbcType=VARCHAR}, 
      #{isNode,jdbcType=BIT}, #{level,jdbcType=INTEGER}, #{sequence,jdbcType=BIGINT}, 
      #{parentId,jdbcType=BIGINT}, #{treeStruct,jdbcType=VARCHAR}, #{createTime,jdbcType=TIMESTAMP}, 
      #{updateTime,jdbcType=TIMESTAMP})
  </insert>
  <insert id="insertSelective" parameterType="com.wx.domain.AuthAction">
    <!--
      WARNING - @mbggenerated
      This element is automatically generated by MyBatis Generator, do not modify.
    -->
    <selectKey keyProperty="id" order="AFTER" resultType="java.lang.Long">
      SELECT LAST_INSERT_ID()
    </selectKey>
    insert into db_auth_action
    <trim prefix="(" suffix=")" suffixOverrides=",">
      <if test="url != null">
        url,
      </if>
      <if test="name != null">
        name,
      </if>
      <if test="icon != null">
        icon,
      </if>
      <if test="isNode != null">
        isNode,
      </if>
      <if test="level != null">
        level,
      </if>
      <if test="sequence != null">
        sequence,
      </if>
      <if test="parentId != null">
        parentId,
      </if>
      <if test="treeStruct != null">
        treeStruct,
      </if>
      <if test="createTime != null">
        createTime,
      </if>
      <if test="updateTime != null">
        updateTime,
      </if>
    </trim>
    <trim prefix="values (" suffix=")" suffixOverrides=",">
      <if test="url != null">
        #{url,jdbcType=VARCHAR},
      </if>
      <if test="name != null">
        #{name,jdbcType=VARCHAR},
      </if>
      <if test="icon != null">
        #{icon,jdbcType=VARCHAR},
      </if>
      <if test="isNode != null">
        #{isNode,jdbcType=BIT},
      </if>
      <if test="level != null">
        #{level,jdbcType=INTEGER},
      </if>
      <if test="sequence != null">
        #{sequence,jdbcType=BIGINT},
      </if>
      <if test="parentId != null">
        #{parentId,jdbcType=BIGINT},
      </if>
      <if test="treeStruct != null">
        #{treeStruct,jdbcType=VARCHAR},
      </if>
      <if test="createTime != null">
        #{createTime,jdbcType=TIMESTAMP},
      </if>
      <if test="updateTime != null">
        #{updateTime,jdbcType=TIMESTAMP},
      </if>
    </trim>
  </insert>
  <select id="countByExample" parameterType="com.wx.domain.AuthActionExample" resultType="java.lang.Integer">
    <!--
      WARNING - @mbggenerated
      This element is automatically generated by MyBatis Generator, do not modify.
    -->
    select count(*) from db_auth_action
    <if test="_parameter != null">
      <include refid="Example_Where_Clause" />
    </if>
  </select>
  <update id="updateByExampleSelective" parameterType="map">
    <!--
      WARNING - @mbggenerated
      This element is automatically generated by MyBatis Generator, do not modify.
    -->
    update db_auth_action
    <set>
      <if test="record.id != null">
        id = #{record.id,jdbcType=BIGINT},
      </if>
      <if test="record.url != null">
        url = #{record.url,jdbcType=VARCHAR},
      </if>
      <if test="record.name != null">
        name = #{record.name,jdbcType=VARCHAR},
      </if>
      <if test="record.icon != null">
        icon = #{record.icon,jdbcType=VARCHAR},
      </if>
      <if test="record.isNode != null">
        isNode = #{record.isNode,jdbcType=BIT},
      </if>
      <if test="record.level != null">
        level = #{record.level,jdbcType=INTEGER},
      </if>
      <if test="record.sequence != null">
        sequence = #{record.sequence,jdbcType=BIGINT},
      </if>
      <if test="record.parentId != null">
        parentId = #{record.parentId,jdbcType=BIGINT},
      </if>
      <if test="record.treeStruct != null">
        treeStruct = #{record.treeStruct,jdbcType=VARCHAR},
      </if>
      <if test="record.createTime != null">
        createTime = #{record.createTime,jdbcType=TIMESTAMP},
      </if>
      <if test="record.updateTime != null">
        updateTime = #{record.updateTime,jdbcType=TIMESTAMP},
      </if>
    </set>
    <if test="_parameter != null">
      <include refid="Update_By_Example_Where_Clause" />
    </if>
  </update>
  <update id="updateByExample" parameterType="map">
    <!--
      WARNING - @mbggenerated
      This element is automatically generated by MyBatis Generator, do not modify.
    -->
    update db_auth_action
    set id = #{record.id,jdbcType=BIGINT},
      url = #{record.url,jdbcType=VARCHAR},
      name = #{record.name,jdbcType=VARCHAR},
      icon = #{record.icon,jdbcType=VARCHAR},
      isNode = #{record.isNode,jdbcType=BIT},
      level = #{record.level,jdbcType=INTEGER},
      sequence = #{record.sequence,jdbcType=BIGINT},
      parentId = #{record.parentId,jdbcType=BIGINT},
      treeStruct = #{record.treeStruct,jdbcType=VARCHAR},
      createTime = #{record.createTime,jdbcType=TIMESTAMP},
      updateTime = #{record.updateTime,jdbcType=TIMESTAMP}
    <if test="_parameter != null">
      <include refid="Update_By_Example_Where_Clause" />
    </if>
  </update>
  <update id="updateByPrimaryKeySelective" parameterType="com.wx.domain.AuthAction">
    <!--
      WARNING - @mbggenerated
      This element is automatically generated by MyBatis Generator, do not modify.
    -->
    update db_auth_action
    <set>
      <if test="url != null">
        url = #{url,jdbcType=VARCHAR},
      </if>
      <if test="name != null">
        name = #{name,jdbcType=VARCHAR},
      </if>
      <if test="icon != null">
        icon = #{icon,jdbcType=VARCHAR},
      </if>
      <if test="isNode != null">
        isNode = #{isNode,jdbcType=BIT},
      </if>
      <if test="level != null">
        level = #{level,jdbcType=INTEGER},
      </if>
      <if test="sequence != null">
        sequence = #{sequence,jdbcType=BIGINT},
      </if>
      <if test="parentId != null">
        parentId = #{parentId,jdbcType=BIGINT},
      </if>
      <if test="treeStruct != null">
        treeStruct = #{treeStruct,jdbcType=VARCHAR},
      </if>
      <if test="createTime != null">
        createTime = #{createTime,jdbcType=TIMESTAMP},
      </if>
      <if test="updateTime != null">
        updateTime = #{updateTime,jdbcType=TIMESTAMP},
      </if>
    </set>
    where id = #{id,jdbcType=BIGINT}
  </update>
  <update id="updateByPrimaryKey" parameterType="com.wx.domain.AuthAction">
    <!--
      WARNING - @mbggenerated
      This element is automatically generated by MyBatis Generator, do not modify.
    -->
    update db_auth_action
    set url = #{url,jdbcType=VARCHAR},
      name = #{name,jdbcType=VARCHAR},
      icon = #{icon,jdbcType=VARCHAR},
      isNode = #{isNode,jdbcType=BIT},
      level = #{level,jdbcType=INTEGER},
      sequence = #{sequence,jdbcType=BIGINT},
      parentId = #{parentId,jdbcType=BIGINT},
      treeStruct = #{treeStruct,jdbcType=VARCHAR},
      createTime = #{createTime,jdbcType=TIMESTAMP},
      updateTime = #{updateTime,jdbcType=TIMESTAMP}
    where id = #{id,jdbcType=BIGINT}
  </update>
</mapper>