<?xml version="1.0" encoding="UTF-8"?>
<!DOCTYPE mapper PUBLIC "-//mybatis.org//DTD Mapper 3.0//EN" "http://mybatis.org/dtd/mybatis-3-mapper.dtd">
<mapper namespace="com.wx.mapper.AuthAdminInfoMapper">
  <resultMap id="BaseResultMap" type="com.wx.domain.AuthAdminInfo">
    <!--
      WARNING - @mbggenerated
      This element is automatically generated by MyBatis Generator, do not modify.
    -->
    <id column="id" jdbcType="BIGINT" property="id" />
    <result column="adminId" jdbcType="BIGINT" property="adminId" />
    <result column="nickname" jdbcType="VARCHAR" property="nickname" />
    <result column="faceimg" jdbcType="VARCHAR" property="faceimg" />
    <result column="realname" jdbcType="VARCHAR" property="realname" />
    <result column="sex" jdbcType="BIT" property="sex" />
    <result column="birthday" jdbcType="DATE" property="birthday" />
    <result column="createTime" jdbcType="TIMESTAMP" property="createTime" />
    <result column="updateTime" jdbcType="TIMESTAMP" property="updateTime" />
  </resultMap>
  <sql id="Example_Where_Clause">
    <!--
      WARNING - @mbggenerated
      This element is automatically generated by MyBatis Generator, do not modify.
    -->
    <where>
      <foreach collection="oredCriteria" item="criteria" separator="or">
        <if test="criteria.valid">
          <trim prefix="(" prefixOverrides="and" suffix=")">
            <foreach collection="criteria.criteria" item="criterion">
              <choose>
                <when test="criterion.noValue">
                  and ${criterion.condition}
                </when>
                <when test="criterion.singleValue">
                  and ${criterion.condition} #{criterion.value}
                </when>
                <when test="criterion.betweenValue">
                  and ${criterion.condition} #{criterion.value} and #{criterion.secondValue}
                </when>
                <when test="criterion.listValue">
                  and ${criterion.condition}
                  <foreach close=")" collection="criterion.value" item="listItem" open="(" separator=",">
                    #{listItem}
                  </foreach>
                </when>
              </choose>
            </foreach>
          </trim>
        </if>
      </foreach>
    </where>
  </sql>
  <sql id="Update_By_Example_Where_Clause">
    <!--
      WARNING - @mbggenerated
      This element is automatically generated by MyBatis Generator, do not modify.
    -->
    <where>
      <foreach collection="example.oredCriteria" item="criteria" separator="or">
        <if test="criteria.valid">
          <trim prefix="(" prefixOverrides="and" suffix=")">
            <foreach collection="criteria.criteria" item="criterion">
              <choose>
                <when test="criterion.noValue">
                  and ${criterion.condition}
                </when>
                <when test="criterion.singleValue">
                  and ${criterion.condition} #{criterion.value}
                </when>
                <when test="criterion.betweenValue">
                  and ${criterion.condition} #{criterion.value} and #{criterion.secondValue}
                </when>
                <when test="criterion.listValue">
                  and ${criterion.condition}
                  <foreach close=")" collection="criterion.value" item="listItem" open="(" separator=",">
                    #{listItem}
                  </foreach>
                </when>
              </choose>
            </foreach>
          </trim>
        </if>
      </foreach>
    </where>
  </sql>
  <sql id="Base_Column_List">
    <!--
      WARNING - @mbggenerated
      This element is automatically generated by MyBatis Generator, do not modify.
    -->
    id, adminId, nickname, faceimg, realname, sex, birthday, createTime, updateTime
  </sql>
  <select id="selectByExample" parameterType="com.wx.domain.AuthAdminInfoExample" resultMap="BaseResultMap">
    <!--
      WARNING - @mbggenerated
      This element is automatically generated by MyBatis Generator, do not modify.
    -->
    select
    <if test="distinct">
      distinct
    </if>
    <include refid="Base_Column_List" />
    from db_auth_admin_info
    <if test="_parameter != null">
      <include refid="Example_Where_Clause" />
    </if>
    <if test="orderByClause != null">
      order by ${orderByClause}
    </if>
    <if test="limitStart != null and limitStart&gt;=0">
      limit #{limitStart} , #{limitEnd}
    </if>
  </select>
  <select id="selectByPrimaryKey" parameterType="java.lang.Long" resultMap="BaseResultMap">
    <!--
      WARNING - @mbggenerated
      This element is automatically generated by MyBatis Generator, do not modify.
    -->
    select 
    <include refid="Base_Column_List" />
    from db_auth_admin_info
    where id = #{id,jdbcType=BIGINT}
  </select>
  <delete id="deleteByPrimaryKey" parameterType="java.lang.Long">
    <!--
      WARNING - @mbggenerated
      This element is automatically generated by MyBatis Generator, do not modify.
    -->
    delete from db_auth_admin_info
    where id = #{id,jdbcType=BIGINT}
  </delete>
  <delete id="deleteByExample" parameterType="com.wx.domain.AuthAdminInfoExample">
    <!--
      WARNING - @mbggenerated
      This element is automatically generated by MyBatis Generator, do not modify.
    -->
    delete from db_auth_admin_info
    <if test="_parameter != null">
      <include refid="Example_Where_Clause" />
    </if>
  </delete>
  <insert id="insert" parameterType="com.wx.domain.AuthAdminInfo">
    <!--
      WARNING - @mbggenerated
      This element is automatically generated by MyBatis Generator, do not modify.
    -->
    <selectKey keyProperty="id" order="AFTER" resultType="java.lang.Long">
      SELECT LAST_INSERT_ID()
    </selectKey>
    insert into db_auth_admin_info (adminId, nickname, faceimg, 
      realname, sex, birthday, createTime, 
      updateTime)
    values (#{adminId,jdbcType=BIGINT}, #{nickname,jdbcType=VARCHAR}, #{faceimg,jdbcType=VARCHAR}, 
      #{realname,jdbcType=VARCHAR}, #{sex,jdbcType=BIT}, #{birthday,jdbcType=DATE}, #{createTime,jdbcType=TIMESTAMP}, 
      #{updateTime,jdbcType=TIMESTAMP})
  </insert>
  <insert id="insertSelective" parameterType="com.wx.domain.AuthAdminInfo">
    <!--
      WARNING - @mbggenerated
      This element is automatically generated by MyBatis Generator, do not modify.
    -->
    <selectKey keyProperty="id" order="AFTER" resultType="java.lang.Long">
      SELECT LAST_INSERT_ID()
    </selectKey>
    insert into db_auth_admin_info
    <trim prefix="(" suffix=")" suffixOverrides=",">
      <if test="adminId != null">
        adminId,
      </if>
      <if test="nickname != null">
        nickname,
      </if>
      <if test="faceimg != null">
        faceimg,
      </if>
      <if test="realname != null">
        realname,
      </if>
      <if test="sex != null">
        sex,
      </if>
      <if test="birthday != null">
        birthday,
      </if>
      <if test="createTime != null">
        createTime,
      </if>
      <if test="updateTime != null">
        updateTime,
      </if>
    </trim>
    <trim prefix="values (" suffix=")" suffixOverrides=",">
      <if test="adminId != null">
        #{adminId,jdbcType=BIGINT},
      </if>
      <if test="nickname != null">
        #{nickname,jdbcType=VARCHAR},
      </if>
      <if test="faceimg != null">
        #{faceimg,jdbcType=VARCHAR},
      </if>
      <if test="realname != null">
        #{realname,jdbcType=VARCHAR},
      </if>
      <if test="sex != null">
        #{sex,jdbcType=BIT},
      </if>
      <if test="birthday != null">
        #{birthday,jdbcType=DATE},
      </if>
      <if test="createTime != null">
        #{createTime,jdbcType=TIMESTAMP},
      </if>
      <if test="updateTime != null">
        #{updateTime,jdbcType=TIMESTAMP},
      </if>
    </trim>
  </insert>
  <select id="countByExample" parameterType="com.wx.domain.AuthAdminInfoExample" resultType="java.lang.Integer">
    <!--
      WARNING - @mbggenerated
      This element is automatically generated by MyBatis Generator, do not modify.
    -->
    select count(*) from db_auth_admin_info
    <if test="_parameter != null">
      <include refid="Example_Where_Clause" />
    </if>
  </select>
  <update id="updateByExampleSelective" parameterType="map">
    <!--
      WARNING - @mbggenerated
      This element is automatically generated by MyBatis Generator, do not modify.
    -->
    update db_auth_admin_info
    <set>
      <if test="record.id != null">
        id = #{record.id,jdbcType=BIGINT},
      </if>
      <if test="record.adminId != null">
        adminId = #{record.adminId,jdbcType=BIGINT},
      </if>
      <if test="record.nickname != null">
        nickname = #{record.nickname,jdbcType=VARCHAR},
      </if>
      <if test="record.faceimg != null">
        faceimg = #{record.faceimg,jdbcType=VARCHAR},
      </if>
      <if test="record.realname != null">
        realname = #{record.realname,jdbcType=VARCHAR},
      </if>
      <if test="record.sex != null">
        sex = #{record.sex,jdbcType=BIT},
      </if>
      <if test="record.birthday != null">
        birthday = #{record.birthday,jdbcType=DATE},
      </if>
      <if test="record.createTime != null">
        createTime = #{record.createTime,jdbcType=TIMESTAMP},
      </if>
      <if test="record.updateTime != null">
        updateTime = #{record.updateTime,jdbcType=TIMESTAMP},
      </if>
    </set>
    <if test="_parameter != null">
      <include refid="Update_By_Example_Where_Clause" />
    </if>
  </update>
  <update id="updateByExample" parameterType="map">
    <!--
      WARNING - @mbggenerated
      This element is automatically generated by MyBatis Generator, do not modify.
    -->
    update db_auth_admin_info
    set id = #{record.id,jdbcType=BIGINT},
      adminId = #{record.adminId,jdbcType=BIGINT},
      nickname = #{record.nickname,jdbcType=VARCHAR},
      faceimg = #{record.faceimg,jdbcType=VARCHAR},
      realname = #{record.realname,jdbcType=VARCHAR},
      sex = #{record.sex,jdbcType=BIT},
      birthday = #{record.birthday,jdbcType=DATE},
      createTime = #{record.createTime,jdbcType=TIMESTAMP},
      updateTime = #{record.updateTime,jdbcType=TIMESTAMP}
    <if test="_parameter != null">
      <include refid="Update_By_Example_Where_Clause" />
    </if>
  </update>
  <update id="updateByPrimaryKeySelective" parameterType="com.wx.domain.AuthAdminInfo">
    <!--
      WARNING - @mbggenerated
      This element is automatically generated by MyBatis Generator, do not modify.
    -->
    update db_auth_admin_info
    <set>
      <if test="adminId != null">
        adminId = #{adminId,jdbcType=BIGINT},
      </if>
      <if test="nickname != null">
        nickname = #{nickname,jdbcType=VARCHAR},
      </if>
      <if test="faceimg != null">
        faceimg = #{faceimg,jdbcType=VARCHAR},
      </if>
      <if test="realname != null">
        realname = #{realname,jdbcType=VARCHAR},
      </if>
      <if test="sex != null">
        sex = #{sex,jdbcType=BIT},
      </if>
      <if test="birthday != null">
        birthday = #{birthday,jdbcType=DATE},
      </if>
      <if test="createTime != null">
        createTime = #{createTime,jdbcType=TIMESTAMP},
      </if>
      <if test="updateTime != null">
        updateTime = #{updateTime,jdbcType=TIMESTAMP},
      </if>
    </set>
    where id = #{id,jdbcType=BIGINT}
  </update>
  <update id="updateByPrimaryKey" parameterType="com.wx.domain.AuthAdminInfo">
    <!--
      WARNING - @mbggenerated
      This element is automatically generated by MyBatis Generator, do not modify.
    -->
    update db_auth_admin_info
    set adminId = #{adminId,jdbcType=BIGINT},
      nickname = #{nickname,jdbcType=VARCHAR},
      faceimg = #{faceimg,jdbcType=VARCHAR},
      realname = #{realname,jdbcType=VARCHAR},
      sex = #{sex,jdbcType=BIT},
      birthday = #{birthday,jdbcType=DATE},
      createTime = #{createTime,jdbcType=TIMESTAMP},
      updateTime = #{updateTime,jdbcType=TIMESTAMP}
    where id = #{id,jdbcType=BIGINT}
  </update>
</mapper>