<?xml version="1.0" encoding="UTF-8"?>
<!DOCTYPE mapper PUBLIC "-//mybatis.org//DTD Mapper 3.0//EN" "http://mybatis.org/dtd/mybatis-3-mapper.dtd">
<mapper namespace="com.wx.mapper.WxAuthLogMapper">
  <resultMap id="BaseResultMap" type="com.wx.domain.WxAuthLog">
    <!--
      WARNING - @mbggenerated
      This element is automatically generated by MyBatis Generator, do not modify.
    -->
    <id column="id" jdbcType="BIGINT" property="id" />
    <result column="appid" jdbcType="VARCHAR" property="appid" />
    <result column="openid" jdbcType="VARCHAR" property="openid" />
    <result column="sign" jdbcType="VARCHAR" property="sign" />
    <result column="fromIP" jdbcType="VARCHAR" property="fromIP" />
    <result column="toIP" jdbcType="VARCHAR" property="toIP" />
    <result column="browzerType" jdbcType="VARCHAR" property="browzerType" />
    <result column="browzer" jdbcType="VARCHAR" property="browzer" />
    <result column="osType" jdbcType="VARCHAR" property="osType" />
    <result column="os" jdbcType="VARCHAR" property="os" />
    <result column="createTime" jdbcType="TIMESTAMP" property="createTime" />
    <result column="updateTime" jdbcType="TIMESTAMP" property="updateTime" />
  </resultMap>
  <sql id="Example_Where_Clause">
    <!--
      WARNING - @mbggenerated
      This element is automatically generated by MyBatis Generator, do not modify.
    -->
    <where>
      <foreach collection="oredCriteria" item="criteria" separator="or">
        <if test="criteria.valid">
          <trim prefix="(" prefixOverrides="and" suffix=")">
            <foreach collection="criteria.criteria" item="criterion">
              <choose>
                <when test="criterion.noValue">
                  and ${criterion.condition}
                </when>
                <when test="criterion.singleValue">
                  and ${criterion.condition} #{criterion.value}
                </when>
                <when test="criterion.betweenValue">
                  and ${criterion.condition} #{criterion.value} and #{criterion.secondValue}
                </when>
                <when test="criterion.listValue">
                  and ${criterion.condition}
                  <foreach close=")" collection="criterion.value" item="listItem" open="(" separator=",">
                    #{listItem}
                  </foreach>
                </when>
              </choose>
            </foreach>
          </trim>
        </if>
      </foreach>
    </where>
  </sql>
  <sql id="Update_By_Example_Where_Clause">
    <!--
      WARNING - @mbggenerated
      This element is automatically generated by MyBatis Generator, do not modify.
    -->
    <where>
      <foreach collection="example.oredCriteria" item="criteria" separator="or">
        <if test="criteria.valid">
          <trim prefix="(" prefixOverrides="and" suffix=")">
            <foreach collection="criteria.criteria" item="criterion">
              <choose>
                <when test="criterion.noValue">
                  and ${criterion.condition}
                </when>
                <when test="criterion.singleValue">
                  and ${criterion.condition} #{criterion.value}
                </when>
                <when test="criterion.betweenValue">
                  and ${criterion.condition} #{criterion.value} and #{criterion.secondValue}
                </when>
                <when test="criterion.listValue">
                  and ${criterion.condition}
                  <foreach close=")" collection="criterion.value" item="listItem" open="(" separator=",">
                    #{listItem}
                  </foreach>
                </when>
              </choose>
            </foreach>
          </trim>
        </if>
      </foreach>
    </where>
  </sql>
  <sql id="Base_Column_List">
    <!--
      WARNING - @mbggenerated
      This element is automatically generated by MyBatis Generator, do not modify.
    -->
    id, appid, openid, sign, fromIP, toIP, browzerType, browzer, osType, os, createTime, 
    updateTime
  </sql>
  <select id="selectByExample" parameterType="com.wx.domain.WxAuthLogExample" resultMap="BaseResultMap">
    <!--
      WARNING - @mbggenerated
      This element is automatically generated by MyBatis Generator, do not modify.
    -->
    select
    <if test="distinct">
      distinct
    </if>
    <include refid="Base_Column_List" />
    from db_wx_auth_log
    <if test="_parameter != null">
      <include refid="Example_Where_Clause" />
    </if>
    <if test="orderByClause != null">
      order by ${orderByClause}
    </if>
    <if test="limitStart != null and limitStart&gt;=0">
      limit #{limitStart} , #{limitEnd}
    </if>
  </select>
  <select id="selectByPrimaryKey" parameterType="java.lang.Long" resultMap="BaseResultMap">
    <!--
      WARNING - @mbggenerated
      This element is automatically generated by MyBatis Generator, do not modify.
    -->
    select 
    <include refid="Base_Column_List" />
    from db_wx_auth_log
    where id = #{id,jdbcType=BIGINT}
  </select>
  <delete id="deleteByPrimaryKey" parameterType="java.lang.Long">
    <!--
      WARNING - @mbggenerated
      This element is automatically generated by MyBatis Generator, do not modify.
    -->
    delete from db_wx_auth_log
    where id = #{id,jdbcType=BIGINT}
  </delete>
  <delete id="deleteByExample" parameterType="com.wx.domain.WxAuthLogExample">
    <!--
      WARNING - @mbggenerated
      This element is automatically generated by MyBatis Generator, do not modify.
    -->
    delete from db_wx_auth_log
    <if test="_parameter != null">
      <include refid="Example_Where_Clause" />
    </if>
  </delete>
  <insert id="insert" parameterType="com.wx.domain.WxAuthLog">
    <!--
      WARNING - @mbggenerated
      This element is automatically generated by MyBatis Generator, do not modify.
    -->
    <selectKey keyProperty="id" order="AFTER" resultType="java.lang.Long">
      SELECT LAST_INSERT_ID()
    </selectKey>
    insert into db_wx_auth_log (appid, openid, sign, 
      fromIP, toIP, browzerType, 
      browzer, osType, os, 
      createTime, updateTime)
    values (#{appid,jdbcType=VARCHAR}, #{openid,jdbcType=VARCHAR}, #{sign,jdbcType=VARCHAR}, 
      #{fromIP,jdbcType=VARCHAR}, #{toIP,jdbcType=VARCHAR}, #{browzerType,jdbcType=VARCHAR}, 
      #{browzer,jdbcType=VARCHAR}, #{osType,jdbcType=VARCHAR}, #{os,jdbcType=VARCHAR}, 
      #{createTime,jdbcType=TIMESTAMP}, #{updateTime,jdbcType=TIMESTAMP})
  </insert>
  <insert id="insertSelective" parameterType="com.wx.domain.WxAuthLog">
    <!--
      WARNING - @mbggenerated
      This element is automatically generated by MyBatis Generator, do not modify.
    -->
    <selectKey keyProperty="id" order="AFTER" resultType="java.lang.Long">
      SELECT LAST_INSERT_ID()
    </selectKey>
    insert into db_wx_auth_log
    <trim prefix="(" suffix=")" suffixOverrides=",">
      <if test="appid != null">
        appid,
      </if>
      <if test="openid != null">
        openid,
      </if>
      <if test="sign != null">
        sign,
      </if>
      <if test="fromIP != null">
        fromIP,
      </if>
      <if test="toIP != null">
        toIP,
      </if>
      <if test="browzerType != null">
        browzerType,
      </if>
      <if test="browzer != null">
        browzer,
      </if>
      <if test="osType != null">
        osType,
      </if>
      <if test="os != null">
        os,
      </if>
      <if test="createTime != null">
        createTime,
      </if>
      <if test="updateTime != null">
        updateTime,
      </if>
    </trim>
    <trim prefix="values (" suffix=")" suffixOverrides=",">
      <if test="appid != null">
        #{appid,jdbcType=VARCHAR},
      </if>
      <if test="openid != null">
        #{openid,jdbcType=VARCHAR},
      </if>
      <if test="sign != null">
        #{sign,jdbcType=VARCHAR},
      </if>
      <if test="fromIP != null">
        #{fromIP,jdbcType=VARCHAR},
      </if>
      <if test="toIP != null">
        #{toIP,jdbcType=VARCHAR},
      </if>
      <if test="browzerType != null">
        #{browzerType,jdbcType=VARCHAR},
      </if>
      <if test="browzer != null">
        #{browzer,jdbcType=VARCHAR},
      </if>
      <if test="osType != null">
        #{osType,jdbcType=VARCHAR},
      </if>
      <if test="os != null">
        #{os,jdbcType=VARCHAR},
      </if>
      <if test="createTime != null">
        #{createTime,jdbcType=TIMESTAMP},
      </if>
      <if test="updateTime != null">
        #{updateTime,jdbcType=TIMESTAMP},
      </if>
    </trim>
  </insert>
  <select id="countByExample" parameterType="com.wx.domain.WxAuthLogExample" resultType="java.lang.Integer">
    <!--
      WARNING - @mbggenerated
      This element is automatically generated by MyBatis Generator, do not modify.
    -->
    select count(*) from db_wx_auth_log
    <if test="_parameter != null">
      <include refid="Example_Where_Clause" />
    </if>
  </select>
  <update id="updateByExampleSelective" parameterType="map">
    <!--
      WARNING - @mbggenerated
      This element is automatically generated by MyBatis Generator, do not modify.
    -->
    update db_wx_auth_log
    <set>
      <if test="record.id != null">
        id = #{record.id,jdbcType=BIGINT},
      </if>
      <if test="record.appid != null">
        appid = #{record.appid,jdbcType=VARCHAR},
      </if>
      <if test="record.openid != null">
        openid = #{record.openid,jdbcType=VARCHAR},
      </if>
      <if test="record.sign != null">
        sign = #{record.sign,jdbcType=VARCHAR},
      </if>
      <if test="record.fromIP != null">
        fromIP = #{record.fromIP,jdbcType=VARCHAR},
      </if>
      <if test="record.toIP != null">
        toIP = #{record.toIP,jdbcType=VARCHAR},
      </if>
      <if test="record.browzerType != null">
        browzerType = #{record.browzerType,jdbcType=VARCHAR},
      </if>
      <if test="record.browzer != null">
        browzer = #{record.browzer,jdbcType=VARCHAR},
      </if>
      <if test="record.osType != null">
        osType = #{record.osType,jdbcType=VARCHAR},
      </if>
      <if test="record.os != null">
        os = #{record.os,jdbcType=VARCHAR},
      </if>
      <if test="record.createTime != null">
        createTime = #{record.createTime,jdbcType=TIMESTAMP},
      </if>
      <if test="record.updateTime != null">
        updateTime = #{record.updateTime,jdbcType=TIMESTAMP},
      </if>
    </set>
    <if test="_parameter != null">
      <include refid="Update_By_Example_Where_Clause" />
    </if>
  </update>
  <update id="updateByExample" parameterType="map">
    <!--
      WARNING - @mbggenerated
      This element is automatically generated by MyBatis Generator, do not modify.
    -->
    update db_wx_auth_log
    set id = #{record.id,jdbcType=BIGINT},
      appid = #{record.appid,jdbcType=VARCHAR},
      openid = #{record.openid,jdbcType=VARCHAR},
      sign = #{record.sign,jdbcType=VARCHAR},
      fromIP = #{record.fromIP,jdbcType=VARCHAR},
      toIP = #{record.toIP,jdbcType=VARCHAR},
      browzerType = #{record.browzerType,jdbcType=VARCHAR},
      browzer = #{record.browzer,jdbcType=VARCHAR},
      osType = #{record.osType,jdbcType=VARCHAR},
      os = #{record.os,jdbcType=VARCHAR},
      createTime = #{record.createTime,jdbcType=TIMESTAMP},
      updateTime = #{record.updateTime,jdbcType=TIMESTAMP}
    <if test="_parameter != null">
      <include refid="Update_By_Example_Where_Clause" />
    </if>
  </update>
  <update id="updateByPrimaryKeySelective" parameterType="com.wx.domain.WxAuthLog">
    <!--
      WARNING - @mbggenerated
      This element is automatically generated by MyBatis Generator, do not modify.
    -->
    update db_wx_auth_log
    <set>
      <if test="appid != null">
        appid = #{appid,jdbcType=VARCHAR},
      </if>
      <if test="openid != null">
        openid = #{openid,jdbcType=VARCHAR},
      </if>
      <if test="sign != null">
        sign = #{sign,jdbcType=VARCHAR},
      </if>
      <if test="fromIP != null">
        fromIP = #{fromIP,jdbcType=VARCHAR},
      </if>
      <if test="toIP != null">
        toIP = #{toIP,jdbcType=VARCHAR},
      </if>
      <if test="browzerType != null">
        browzerType = #{browzerType,jdbcType=VARCHAR},
      </if>
      <if test="browzer != null">
        browzer = #{browzer,jdbcType=VARCHAR},
      </if>
      <if test="osType != null">
        osType = #{osType,jdbcType=VARCHAR},
      </if>
      <if test="os != null">
        os = #{os,jdbcType=VARCHAR},
      </if>
      <if test="createTime != null">
        createTime = #{createTime,jdbcType=TIMESTAMP},
      </if>
      <if test="updateTime != null">
        updateTime = #{updateTime,jdbcType=TIMESTAMP},
      </if>
    </set>
    where id = #{id,jdbcType=BIGINT}
  </update>
  <update id="updateByPrimaryKey" parameterType="com.wx.domain.WxAuthLog">
    <!--
      WARNING - @mbggenerated
      This element is automatically generated by MyBatis Generator, do not modify.
    -->
    update db_wx_auth_log
    set appid = #{appid,jdbcType=VARCHAR},
      openid = #{openid,jdbcType=VARCHAR},
      sign = #{sign,jdbcType=VARCHAR},
      fromIP = #{fromIP,jdbcType=VARCHAR},
      toIP = #{toIP,jdbcType=VARCHAR},
      browzerType = #{browzerType,jdbcType=VARCHAR},
      browzer = #{browzer,jdbcType=VARCHAR},
      osType = #{osType,jdbcType=VARCHAR},
      os = #{os,jdbcType=VARCHAR},
      createTime = #{createTime,jdbcType=TIMESTAMP},
      updateTime = #{updateTime,jdbcType=TIMESTAMP}
    where id = #{id,jdbcType=BIGINT}
  </update>
</mapper>