<?xml version="1.0" encoding="UTF-8"?>
<!DOCTYPE mapper PUBLIC "-//mybatis.org//DTD Mapper 3.0//EN" "http://mybatis.org/dtd/mybatis-3-mapper.dtd">
<mapper namespace="com.wx.mapper.WxMsgMapper">
  <resultMap id="BaseResultMap" type="com.wx.domain.WxMsg">
    <!--
      WARNING - @mbggenerated
      This element is automatically generated by MyBatis Generator, do not modify.
    -->
    <id column="id" jdbcType="BIGINT" property="id" />
    <result column="fromOpenId" jdbcType="VARCHAR" property="fromOpenId" />
    <result column="toOpenId" jdbcType="VARCHAR" property="toOpenId" />
    <result column="msg" jdbcType="VARCHAR" property="msg" />
    <result column="callback" jdbcType="VARCHAR" property="callback" />
    <result column="msgType" jdbcType="VARCHAR" property="msgType" />
    <result column="callbackMode" jdbcType="VARCHAR" property="callbackMode" />
    <result column="isReply" jdbcType="BIT" property="isReply" />
    <result column="createTime" jdbcType="TIMESTAMP" property="createTime" />
    <result column="updateTime" jdbcType="TIMESTAMP" property="updateTime" />
  </resultMap>
  <sql id="Example_Where_Clause">
    <!--
      WARNING - @mbggenerated
      This element is automatically generated by MyBatis Generator, do not modify.
    -->
    <where>
      <foreach collection="oredCriteria" item="criteria" separator="or">
        <if test="criteria.valid">
          <trim prefix="(" prefixOverrides="and" suffix=")">
            <foreach collection="criteria.criteria" item="criterion">
              <choose>
                <when test="criterion.noValue">
                  and ${criterion.condition}
                </when>
                <when test="criterion.singleValue">
                  and ${criterion.condition} #{criterion.value}
                </when>
                <when test="criterion.betweenValue">
                  and ${criterion.condition} #{criterion.value} and #{criterion.secondValue}
                </when>
                <when test="criterion.listValue">
                  and ${criterion.condition}
                  <foreach close=")" collection="criterion.value" item="listItem" open="(" separator=",">
                    #{listItem}
                  </foreach>
                </when>
              </choose>
            </foreach>
          </trim>
        </if>
      </foreach>
    </where>
  </sql>
  <sql id="Update_By_Example_Where_Clause">
    <!--
      WARNING - @mbggenerated
      This element is automatically generated by MyBatis Generator, do not modify.
    -->
    <where>
      <foreach collection="example.oredCriteria" item="criteria" separator="or">
        <if test="criteria.valid">
          <trim prefix="(" prefixOverrides="and" suffix=")">
            <foreach collection="criteria.criteria" item="criterion">
              <choose>
                <when test="criterion.noValue">
                  and ${criterion.condition}
                </when>
                <when test="criterion.singleValue">
                  and ${criterion.condition} #{criterion.value}
                </when>
                <when test="criterion.betweenValue">
                  and ${criterion.condition} #{criterion.value} and #{criterion.secondValue}
                </when>
                <when test="criterion.listValue">
                  and ${criterion.condition}
                  <foreach close=")" collection="criterion.value" item="listItem" open="(" separator=",">
                    #{listItem}
                  </foreach>
                </when>
              </choose>
            </foreach>
          </trim>
        </if>
      </foreach>
    </where>
  </sql>
  <sql id="Base_Column_List">
    <!--
      WARNING - @mbggenerated
      This element is automatically generated by MyBatis Generator, do not modify.
    -->
    id, fromOpenId, toOpenId, msg, callback, msgType, callbackMode, isReply, createTime, 
    updateTime
  </sql>
  <select id="selectByExample" parameterType="com.wx.domain.WxMsgExample" resultMap="BaseResultMap">
    <!--
      WARNING - @mbggenerated
      This element is automatically generated by MyBatis Generator, do not modify.
    -->
    select
    <if test="distinct">
      distinct
    </if>
    <include refid="Base_Column_List" />
    from db_wx_msg
    <if test="_parameter != null">
      <include refid="Example_Where_Clause" />
    </if>
    <if test="orderByClause != null">
      order by ${orderByClause}
    </if>
    <if test="limitStart != null and limitStart&gt;=0">
      limit #{limitStart} , #{limitEnd}
    </if>
  </select>
  <select id="selectByPrimaryKey" parameterType="java.lang.Long" resultMap="BaseResultMap">
    <!--
      WARNING - @mbggenerated
      This element is automatically generated by MyBatis Generator, do not modify.
    -->
    select 
    <include refid="Base_Column_List" />
    from db_wx_msg
    where id = #{id,jdbcType=BIGINT}
  </select>
  <delete id="deleteByPrimaryKey" parameterType="java.lang.Long">
    <!--
      WARNING - @mbggenerated
      This element is automatically generated by MyBatis Generator, do not modify.
    -->
    delete from db_wx_msg
    where id = #{id,jdbcType=BIGINT}
  </delete>
  <delete id="deleteByExample" parameterType="com.wx.domain.WxMsgExample">
    <!--
      WARNING - @mbggenerated
      This element is automatically generated by MyBatis Generator, do not modify.
    -->
    delete from db_wx_msg
    <if test="_parameter != null">
      <include refid="Example_Where_Clause" />
    </if>
  </delete>
  <insert id="insert" parameterType="com.wx.domain.WxMsg">
    <!--
      WARNING - @mbggenerated
      This element is automatically generated by MyBatis Generator, do not modify.
    -->
    <selectKey keyProperty="id" order="AFTER" resultType="java.lang.Long">
      SELECT LAST_INSERT_ID()
    </selectKey>
    insert into db_wx_msg (fromOpenId, toOpenId, msg, 
      callback, msgType, callbackMode, 
      isReply, createTime, updateTime
      )
    values (#{fromOpenId,jdbcType=VARCHAR}, #{toOpenId,jdbcType=VARCHAR}, #{msg,jdbcType=VARCHAR}, 
      #{callback,jdbcType=VARCHAR}, #{msgType,jdbcType=VARCHAR}, #{callbackMode,jdbcType=VARCHAR}, 
      #{isReply,jdbcType=BIT}, #{createTime,jdbcType=TIMESTAMP}, #{updateTime,jdbcType=TIMESTAMP}
      )
  </insert>
  <insert id="insertSelective" parameterType="com.wx.domain.WxMsg">
    <!--
      WARNING - @mbggenerated
      This element is automatically generated by MyBatis Generator, do not modify.
    -->
    <selectKey keyProperty="id" order="AFTER" resultType="java.lang.Long">
      SELECT LAST_INSERT_ID()
    </selectKey>
    insert into db_wx_msg
    <trim prefix="(" suffix=")" suffixOverrides=",">
      <if test="fromOpenId != null">
        fromOpenId,
      </if>
      <if test="toOpenId != null">
        toOpenId,
      </if>
      <if test="msg != null">
        msg,
      </if>
      <if test="callback != null">
        callback,
      </if>
      <if test="msgType != null">
        msgType,
      </if>
      <if test="callbackMode != null">
        callbackMode,
      </if>
      <if test="isReply != null">
        isReply,
      </if>
      <if test="createTime != null">
        createTime,
      </if>
      <if test="updateTime != null">
        updateTime,
      </if>
    </trim>
    <trim prefix="values (" suffix=")" suffixOverrides=",">
      <if test="fromOpenId != null">
        #{fromOpenId,jdbcType=VARCHAR},
      </if>
      <if test="toOpenId != null">
        #{toOpenId,jdbcType=VARCHAR},
      </if>
      <if test="msg != null">
        #{msg,jdbcType=VARCHAR},
      </if>
      <if test="callback != null">
        #{callback,jdbcType=VARCHAR},
      </if>
      <if test="msgType != null">
        #{msgType,jdbcType=VARCHAR},
      </if>
      <if test="callbackMode != null">
        #{callbackMode,jdbcType=VARCHAR},
      </if>
      <if test="isReply != null">
        #{isReply,jdbcType=BIT},
      </if>
      <if test="createTime != null">
        #{createTime,jdbcType=TIMESTAMP},
      </if>
      <if test="updateTime != null">
        #{updateTime,jdbcType=TIMESTAMP},
      </if>
    </trim>
  </insert>
  <select id="countByExample" parameterType="com.wx.domain.WxMsgExample" resultType="java.lang.Integer">
    <!--
      WARNING - @mbggenerated
      This element is automatically generated by MyBatis Generator, do not modify.
    -->
    select count(*) from db_wx_msg
    <if test="_parameter != null">
      <include refid="Example_Where_Clause" />
    </if>
  </select>
  <update id="updateByExampleSelective" parameterType="map">
    <!--
      WARNING - @mbggenerated
      This element is automatically generated by MyBatis Generator, do not modify.
    -->
    update db_wx_msg
    <set>
      <if test="record.id != null">
        id = #{record.id,jdbcType=BIGINT},
      </if>
      <if test="record.fromOpenId != null">
        fromOpenId = #{record.fromOpenId,jdbcType=VARCHAR},
      </if>
      <if test="record.toOpenId != null">
        toOpenId = #{record.toOpenId,jdbcType=VARCHAR},
      </if>
      <if test="record.msg != null">
        msg = #{record.msg,jdbcType=VARCHAR},
      </if>
      <if test="record.callback != null">
        callback = #{record.callback,jdbcType=VARCHAR},
      </if>
      <if test="record.msgType != null">
        msgType = #{record.msgType,jdbcType=VARCHAR},
      </if>
      <if test="record.callbackMode != null">
        callbackMode = #{record.callbackMode,jdbcType=VARCHAR},
      </if>
      <if test="record.isReply != null">
        isReply = #{record.isReply,jdbcType=BIT},
      </if>
      <if test="record.createTime != null">
        createTime = #{record.createTime,jdbcType=TIMESTAMP},
      </if>
      <if test="record.updateTime != null">
        updateTime = #{record.updateTime,jdbcType=TIMESTAMP},
      </if>
    </set>
    <if test="_parameter != null">
      <include refid="Update_By_Example_Where_Clause" />
    </if>
  </update>
  <update id="updateByExample" parameterType="map">
    <!--
      WARNING - @mbggenerated
      This element is automatically generated by MyBatis Generator, do not modify.
    -->
    update db_wx_msg
    set id = #{record.id,jdbcType=BIGINT},
      fromOpenId = #{record.fromOpenId,jdbcType=VARCHAR},
      toOpenId = #{record.toOpenId,jdbcType=VARCHAR},
      msg = #{record.msg,jdbcType=VARCHAR},
      callback = #{record.callback,jdbcType=VARCHAR},
      msgType = #{record.msgType,jdbcType=VARCHAR},
      callbackMode = #{record.callbackMode,jdbcType=VARCHAR},
      isReply = #{record.isReply,jdbcType=BIT},
      createTime = #{record.createTime,jdbcType=TIMESTAMP},
      updateTime = #{record.updateTime,jdbcType=TIMESTAMP}
    <if test="_parameter != null">
      <include refid="Update_By_Example_Where_Clause" />
    </if>
  </update>
  <update id="updateByPrimaryKeySelective" parameterType="com.wx.domain.WxMsg">
    <!--
      WARNING - @mbggenerated
      This element is automatically generated by MyBatis Generator, do not modify.
    -->
    update db_wx_msg
    <set>
      <if test="fromOpenId != null">
        fromOpenId = #{fromOpenId,jdbcType=VARCHAR},
      </if>
      <if test="toOpenId != null">
        toOpenId = #{toOpenId,jdbcType=VARCHAR},
      </if>
      <if test="msg != null">
        msg = #{msg,jdbcType=VARCHAR},
      </if>
      <if test="callback != null">
        callback = #{callback,jdbcType=VARCHAR},
      </if>
      <if test="msgType != null">
        msgType = #{msgType,jdbcType=VARCHAR},
      </if>
      <if test="callbackMode != null">
        callbackMode = #{callbackMode,jdbcType=VARCHAR},
      </if>
      <if test="isReply != null">
        isReply = #{isReply,jdbcType=BIT},
      </if>
      <if test="createTime != null">
        createTime = #{createTime,jdbcType=TIMESTAMP},
      </if>
      <if test="updateTime != null">
        updateTime = #{updateTime,jdbcType=TIMESTAMP},
      </if>
    </set>
    where id = #{id,jdbcType=BIGINT}
  </update>
  <update id="updateByPrimaryKey" parameterType="com.wx.domain.WxMsg">
    <!--
      WARNING - @mbggenerated
      This element is automatically generated by MyBatis Generator, do not modify.
    -->
    update db_wx_msg
    set fromOpenId = #{fromOpenId,jdbcType=VARCHAR},
      toOpenId = #{toOpenId,jdbcType=VARCHAR},
      msg = #{msg,jdbcType=VARCHAR},
      callback = #{callback,jdbcType=VARCHAR},
      msgType = #{msgType,jdbcType=VARCHAR},
      callbackMode = #{callbackMode,jdbcType=VARCHAR},
      isReply = #{isReply,jdbcType=BIT},
      createTime = #{createTime,jdbcType=TIMESTAMP},
      updateTime = #{updateTime,jdbcType=TIMESTAMP}
    where id = #{id,jdbcType=BIGINT}
  </update>
  
  
  
  
  
  
  
  <select id="selectByMapForAdmin" parameterType="java.util.Map" resultType="java.util.Map">
    select
    m.id id, m.fromOpenId fromopenid, m.toOpenId toopenid, m.msg msg, m.callback callback, m.msgType msgtype, m.callbackMode callbackmode, m.isReply isreply, m.createTime createtime, 
    m.updateTime updatetime, u.nickname nickname, u.imgshow imgshow 
    from db_wx_msg m, db_wx_user u 
    where m.fromopenid = u.openid and m.msgtype != 'event'
    order by m.id desc 
    <if test="limitStart != null and limitStart&gt;=0">
      limit #{limitStart} , #{limitEnd}
    </if>
  </select>
</mapper>