<?xml version="1.0" encoding="UTF-8"?>
<!DOCTYPE mapper PUBLIC "-//mybatis.org//DTD Mapper 3.0//EN" "http://mybatis.org/dtd/mybatis-3-mapper.dtd">
<mapper namespace="com.wx.mapper.WxResourceNewsMapper">
  <resultMap id="BaseResultMap" type="com.wx.domain.WxResourceNews">
    <!--
      WARNING - @mbggenerated
      This element is automatically generated by MyBatis Generator, do not modify.
    -->
    <id column="id" jdbcType="BIGINT" property="id" />
    <result column="itemCount" jdbcType="INTEGER" property="itemCount" />
    <result column="title1" jdbcType="VARCHAR" property="title1" />
    <result column="image1" jdbcType="VARCHAR" property="image1" />
    <result column="href1" jdbcType="VARCHAR" property="href1" />
    <result column="title2" jdbcType="VARCHAR" property="title2" />
    <result column="image2" jdbcType="VARCHAR" property="image2" />
    <result column="href2" jdbcType="VARCHAR" property="href2" />
    <result column="title3" jdbcType="VARCHAR" property="title3" />
    <result column="image3" jdbcType="VARCHAR" property="image3" />
    <result column="href3" jdbcType="VARCHAR" property="href3" />
    <result column="title4" jdbcType="VARCHAR" property="title4" />
    <result column="image4" jdbcType="VARCHAR" property="image4" />
    <result column="href4" jdbcType="VARCHAR" property="href4" />
    <result column="title5" jdbcType="VARCHAR" property="title5" />
    <result column="image5" jdbcType="VARCHAR" property="image5" />
    <result column="href5" jdbcType="VARCHAR" property="href5" />
    <result column="title6" jdbcType="VARCHAR" property="title6" />
    <result column="image6" jdbcType="VARCHAR" property="image6" />
    <result column="href6" jdbcType="VARCHAR" property="href6" />
    <result column="title7" jdbcType="VARCHAR" property="title7" />
    <result column="image7" jdbcType="VARCHAR" property="image7" />
    <result column="href7" jdbcType="VARCHAR" property="href7" />
    <result column="title8" jdbcType="VARCHAR" property="title8" />
    <result column="image8" jdbcType="VARCHAR" property="image8" />
    <result column="href8" jdbcType="VARCHAR" property="href8" />
    <result column="createTime" jdbcType="TIMESTAMP" property="createTime" />
    <result column="updateTime" jdbcType="TIMESTAMP" property="updateTime" />
  </resultMap>
  <sql id="Example_Where_Clause">
    <!--
      WARNING - @mbggenerated
      This element is automatically generated by MyBatis Generator, do not modify.
    -->
    <where>
      <foreach collection="oredCriteria" item="criteria" separator="or">
        <if test="criteria.valid">
          <trim prefix="(" prefixOverrides="and" suffix=")">
            <foreach collection="criteria.criteria" item="criterion">
              <choose>
                <when test="criterion.noValue">
                  and ${criterion.condition}
                </when>
                <when test="criterion.singleValue">
                  and ${criterion.condition} #{criterion.value}
                </when>
                <when test="criterion.betweenValue">
                  and ${criterion.condition} #{criterion.value} and #{criterion.secondValue}
                </when>
                <when test="criterion.listValue">
                  and ${criterion.condition}
                  <foreach close=")" collection="criterion.value" item="listItem" open="(" separator=",">
                    #{listItem}
                  </foreach>
                </when>
              </choose>
            </foreach>
          </trim>
        </if>
      </foreach>
    </where>
  </sql>
  <sql id="Update_By_Example_Where_Clause">
    <!--
      WARNING - @mbggenerated
      This element is automatically generated by MyBatis Generator, do not modify.
    -->
    <where>
      <foreach collection="example.oredCriteria" item="criteria" separator="or">
        <if test="criteria.valid">
          <trim prefix="(" prefixOverrides="and" suffix=")">
            <foreach collection="criteria.criteria" item="criterion">
              <choose>
                <when test="criterion.noValue">
                  and ${criterion.condition}
                </when>
                <when test="criterion.singleValue">
                  and ${criterion.condition} #{criterion.value}
                </when>
                <when test="criterion.betweenValue">
                  and ${criterion.condition} #{criterion.value} and #{criterion.secondValue}
                </when>
                <when test="criterion.listValue">
                  and ${criterion.condition}
                  <foreach close=")" collection="criterion.value" item="listItem" open="(" separator=",">
                    #{listItem}
                  </foreach>
                </when>
              </choose>
            </foreach>
          </trim>
        </if>
      </foreach>
    </where>
  </sql>
  <sql id="Base_Column_List">
    <!--
      WARNING - @mbggenerated
      This element is automatically generated by MyBatis Generator, do not modify.
    -->
    id, itemCount, title1, image1, href1, title2, image2, href2, title3, image3, href3, 
    title4, image4, href4, title5, image5, href5, title6, image6, href6, title7, image7, 
    href7, title8, image8, href8, createTime, updateTime
  </sql>
  <select id="selectByExample" parameterType="com.wx.domain.WxResourceNewsExample" resultMap="BaseResultMap">
    <!--
      WARNING - @mbggenerated
      This element is automatically generated by MyBatis Generator, do not modify.
    -->
    select
    <if test="distinct">
      distinct
    </if>
    <include refid="Base_Column_List" />
    from db_wx_resource_news
    <if test="_parameter != null">
      <include refid="Example_Where_Clause" />
    </if>
    <if test="orderByClause != null">
      order by ${orderByClause}
    </if>
    <if test="limitStart != null and limitStart&gt;=0">
      limit #{limitStart} , #{limitEnd}
    </if>
  </select>
  <select id="selectByPrimaryKey" parameterType="java.lang.Long" resultMap="BaseResultMap">
    <!--
      WARNING - @mbggenerated
      This element is automatically generated by MyBatis Generator, do not modify.
    -->
    select 
    <include refid="Base_Column_List" />
    from db_wx_resource_news
    where id = #{id,jdbcType=BIGINT}
  </select>
  <delete id="deleteByPrimaryKey" parameterType="java.lang.Long">
    <!--
      WARNING - @mbggenerated
      This element is automatically generated by MyBatis Generator, do not modify.
    -->
    delete from db_wx_resource_news
    where id = #{id,jdbcType=BIGINT}
  </delete>
  <delete id="deleteByExample" parameterType="com.wx.domain.WxResourceNewsExample">
    <!--
      WARNING - @mbggenerated
      This element is automatically generated by MyBatis Generator, do not modify.
    -->
    delete from db_wx_resource_news
    <if test="_parameter != null">
      <include refid="Example_Where_Clause" />
    </if>
  </delete>
  <insert id="insert" parameterType="com.wx.domain.WxResourceNews">
    <!--
      WARNING - @mbggenerated
      This element is automatically generated by MyBatis Generator, do not modify.
    -->
    <selectKey keyProperty="id" order="AFTER" resultType="java.lang.Long">
      SELECT LAST_INSERT_ID()
    </selectKey>
    insert into db_wx_resource_news (itemCount, title1, image1, 
      href1, title2, image2, 
      href2, title3, image3, 
      href3, title4, image4, 
      href4, title5, image5, 
      href5, title6, image6, 
      href6, title7, image7, 
      href7, title8, image8, 
      href8, createTime, updateTime
      )
    values (#{itemCount,jdbcType=INTEGER}, #{title1,jdbcType=VARCHAR}, #{image1,jdbcType=VARCHAR}, 
      #{href1,jdbcType=VARCHAR}, #{title2,jdbcType=VARCHAR}, #{image2,jdbcType=VARCHAR}, 
      #{href2,jdbcType=VARCHAR}, #{title3,jdbcType=VARCHAR}, #{image3,jdbcType=VARCHAR}, 
      #{href3,jdbcType=VARCHAR}, #{title4,jdbcType=VARCHAR}, #{image4,jdbcType=VARCHAR}, 
      #{href4,jdbcType=VARCHAR}, #{title5,jdbcType=VARCHAR}, #{image5,jdbcType=VARCHAR}, 
      #{href5,jdbcType=VARCHAR}, #{title6,jdbcType=VARCHAR}, #{image6,jdbcType=VARCHAR}, 
      #{href6,jdbcType=VARCHAR}, #{title7,jdbcType=VARCHAR}, #{image7,jdbcType=VARCHAR}, 
      #{href7,jdbcType=VARCHAR}, #{title8,jdbcType=VARCHAR}, #{image8,jdbcType=VARCHAR}, 
      #{href8,jdbcType=VARCHAR}, #{createTime,jdbcType=TIMESTAMP}, #{updateTime,jdbcType=TIMESTAMP}
      )
  </insert>
  <insert id="insertSelective" parameterType="com.wx.domain.WxResourceNews">
    <!--
      WARNING - @mbggenerated
      This element is automatically generated by MyBatis Generator, do not modify.
    -->
    <selectKey keyProperty="id" order="AFTER" resultType="java.lang.Long">
      SELECT LAST_INSERT_ID()
    </selectKey>
    insert into db_wx_resource_news
    <trim prefix="(" suffix=")" suffixOverrides=",">
      <if test="itemCount != null">
        itemCount,
      </if>
      <if test="title1 != null">
        title1,
      </if>
      <if test="image1 != null">
        image1,
      </if>
      <if test="href1 != null">
        href1,
      </if>
      <if test="title2 != null">
        title2,
      </if>
      <if test="image2 != null">
        image2,
      </if>
      <if test="href2 != null">
        href2,
      </if>
      <if test="title3 != null">
        title3,
      </if>
      <if test="image3 != null">
        image3,
      </if>
      <if test="href3 != null">
        href3,
      </if>
      <if test="title4 != null">
        title4,
      </if>
      <if test="image4 != null">
        image4,
      </if>
      <if test="href4 != null">
        href4,
      </if>
      <if test="title5 != null">
        title5,
      </if>
      <if test="image5 != null">
        image5,
      </if>
      <if test="href5 != null">
        href5,
      </if>
      <if test="title6 != null">
        title6,
      </if>
      <if test="image6 != null">
        image6,
      </if>
      <if test="href6 != null">
        href6,
      </if>
      <if test="title7 != null">
        title7,
      </if>
      <if test="image7 != null">
        image7,
      </if>
      <if test="href7 != null">
        href7,
      </if>
      <if test="title8 != null">
        title8,
      </if>
      <if test="image8 != null">
        image8,
      </if>
      <if test="href8 != null">
        href8,
      </if>
      <if test="createTime != null">
        createTime,
      </if>
      <if test="updateTime != null">
        updateTime,
      </if>
    </trim>
    <trim prefix="values (" suffix=")" suffixOverrides=",">
      <if test="itemCount != null">
        #{itemCount,jdbcType=INTEGER},
      </if>
      <if test="title1 != null">
        #{title1,jdbcType=VARCHAR},
      </if>
      <if test="image1 != null">
        #{image1,jdbcType=VARCHAR},
      </if>
      <if test="href1 != null">
        #{href1,jdbcType=VARCHAR},
      </if>
      <if test="title2 != null">
        #{title2,jdbcType=VARCHAR},
      </if>
      <if test="image2 != null">
        #{image2,jdbcType=VARCHAR},
      </if>
      <if test="href2 != null">
        #{href2,jdbcType=VARCHAR},
      </if>
      <if test="title3 != null">
        #{title3,jdbcType=VARCHAR},
      </if>
      <if test="image3 != null">
        #{image3,jdbcType=VARCHAR},
      </if>
      <if test="href3 != null">
        #{href3,jdbcType=VARCHAR},
      </if>
      <if test="title4 != null">
        #{title4,jdbcType=VARCHAR},
      </if>
      <if test="image4 != null">
        #{image4,jdbcType=VARCHAR},
      </if>
      <if test="href4 != null">
        #{href4,jdbcType=VARCHAR},
      </if>
      <if test="title5 != null">
        #{title5,jdbcType=VARCHAR},
      </if>
      <if test="image5 != null">
        #{image5,jdbcType=VARCHAR},
      </if>
      <if test="href5 != null">
        #{href5,jdbcType=VARCHAR},
      </if>
      <if test="title6 != null">
        #{title6,jdbcType=VARCHAR},
      </if>
      <if test="image6 != null">
        #{image6,jdbcType=VARCHAR},
      </if>
      <if test="href6 != null">
        #{href6,jdbcType=VARCHAR},
      </if>
      <if test="title7 != null">
        #{title7,jdbcType=VARCHAR},
      </if>
      <if test="image7 != null">
        #{image7,jdbcType=VARCHAR},
      </if>
      <if test="href7 != null">
        #{href7,jdbcType=VARCHAR},
      </if>
      <if test="title8 != null">
        #{title8,jdbcType=VARCHAR},
      </if>
      <if test="image8 != null">
        #{image8,jdbcType=VARCHAR},
      </if>
      <if test="href8 != null">
        #{href8,jdbcType=VARCHAR},
      </if>
      <if test="createTime != null">
        #{createTime,jdbcType=TIMESTAMP},
      </if>
      <if test="updateTime != null">
        #{updateTime,jdbcType=TIMESTAMP},
      </if>
    </trim>
  </insert>
  <select id="countByExample" parameterType="com.wx.domain.WxResourceNewsExample" resultType="java.lang.Integer">
    <!--
      WARNING - @mbggenerated
      This element is automatically generated by MyBatis Generator, do not modify.
    -->
    select count(*) from db_wx_resource_news
    <if test="_parameter != null">
      <include refid="Example_Where_Clause" />
    </if>
  </select>
  <update id="updateByExampleSelective" parameterType="map">
    <!--
      WARNING - @mbggenerated
      This element is automatically generated by MyBatis Generator, do not modify.
    -->
    update db_wx_resource_news
    <set>
      <if test="record.id != null">
        id = #{record.id,jdbcType=BIGINT},
      </if>
      <if test="record.itemCount != null">
        itemCount = #{record.itemCount,jdbcType=INTEGER},
      </if>
      <if test="record.title1 != null">
        title1 = #{record.title1,jdbcType=VARCHAR},
      </if>
      <if test="record.image1 != null">
        image1 = #{record.image1,jdbcType=VARCHAR},
      </if>
      <if test="record.href1 != null">
        href1 = #{record.href1,jdbcType=VARCHAR},
      </if>
      <if test="record.title2 != null">
        title2 = #{record.title2,jdbcType=VARCHAR},
      </if>
      <if test="record.image2 != null">
        image2 = #{record.image2,jdbcType=VARCHAR},
      </if>
      <if test="record.href2 != null">
        href2 = #{record.href2,jdbcType=VARCHAR},
      </if>
      <if test="record.title3 != null">
        title3 = #{record.title3,jdbcType=VARCHAR},
      </if>
      <if test="record.image3 != null">
        image3 = #{record.image3,jdbcType=VARCHAR},
      </if>
      <if test="record.href3 != null">
        href3 = #{record.href3,jdbcType=VARCHAR},
      </if>
      <if test="record.title4 != null">
        title4 = #{record.title4,jdbcType=VARCHAR},
      </if>
      <if test="record.image4 != null">
        image4 = #{record.image4,jdbcType=VARCHAR},
      </if>
      <if test="record.href4 != null">
        href4 = #{record.href4,jdbcType=VARCHAR},
      </if>
      <if test="record.title5 != null">
        title5 = #{record.title5,jdbcType=VARCHAR},
      </if>
      <if test="record.image5 != null">
        image5 = #{record.image5,jdbcType=VARCHAR},
      </if>
      <if test="record.href5 != null">
        href5 = #{record.href5,jdbcType=VARCHAR},
      </if>
      <if test="record.title6 != null">
        title6 = #{record.title6,jdbcType=VARCHAR},
      </if>
      <if test="record.image6 != null">
        image6 = #{record.image6,jdbcType=VARCHAR},
      </if>
      <if test="record.href6 != null">
        href6 = #{record.href6,jdbcType=VARCHAR},
      </if>
      <if test="record.title7 != null">
        title7 = #{record.title7,jdbcType=VARCHAR},
      </if>
      <if test="record.image7 != null">
        image7 = #{record.image7,jdbcType=VARCHAR},
      </if>
      <if test="record.href7 != null">
        href7 = #{record.href7,jdbcType=VARCHAR},
      </if>
      <if test="record.title8 != null">
        title8 = #{record.title8,jdbcType=VARCHAR},
      </if>
      <if test="record.image8 != null">
        image8 = #{record.image8,jdbcType=VARCHAR},
      </if>
      <if test="record.href8 != null">
        href8 = #{record.href8,jdbcType=VARCHAR},
      </if>
      <if test="record.createTime != null">
        createTime = #{record.createTime,jdbcType=TIMESTAMP},
      </if>
      <if test="record.updateTime != null">
        updateTime = #{record.updateTime,jdbcType=TIMESTAMP},
      </if>
    </set>
    <if test="_parameter != null">
      <include refid="Update_By_Example_Where_Clause" />
    </if>
  </update>
  <update id="updateByExample" parameterType="map">
    <!--
      WARNING - @mbggenerated
      This element is automatically generated by MyBatis Generator, do not modify.
    -->
    update db_wx_resource_news
    set id = #{record.id,jdbcType=BIGINT},
      itemCount = #{record.itemCount,jdbcType=INTEGER},
      title1 = #{record.title1,jdbcType=VARCHAR},
      image1 = #{record.image1,jdbcType=VARCHAR},
      href1 = #{record.href1,jdbcType=VARCHAR},
      title2 = #{record.title2,jdbcType=VARCHAR},
      image2 = #{record.image2,jdbcType=VARCHAR},
      href2 = #{record.href2,jdbcType=VARCHAR},
      title3 = #{record.title3,jdbcType=VARCHAR},
      image3 = #{record.image3,jdbcType=VARCHAR},
      href3 = #{record.href3,jdbcType=VARCHAR},
      title4 = #{record.title4,jdbcType=VARCHAR},
      image4 = #{record.image4,jdbcType=VARCHAR},
      href4 = #{record.href4,jdbcType=VARCHAR},
      title5 = #{record.title5,jdbcType=VARCHAR},
      image5 = #{record.image5,jdbcType=VARCHAR},
      href5 = #{record.href5,jdbcType=VARCHAR},
      title6 = #{record.title6,jdbcType=VARCHAR},
      image6 = #{record.image6,jdbcType=VARCHAR},
      href6 = #{record.href6,jdbcType=VARCHAR},
      title7 = #{record.title7,jdbcType=VARCHAR},
      image7 = #{record.image7,jdbcType=VARCHAR},
      href7 = #{record.href7,jdbcType=VARCHAR},
      title8 = #{record.title8,jdbcType=VARCHAR},
      image8 = #{record.image8,jdbcType=VARCHAR},
      href8 = #{record.href8,jdbcType=VARCHAR},
      createTime = #{record.createTime,jdbcType=TIMESTAMP},
      updateTime = #{record.updateTime,jdbcType=TIMESTAMP}
    <if test="_parameter != null">
      <include refid="Update_By_Example_Where_Clause" />
    </if>
  </update>
  <update id="updateByPrimaryKeySelective" parameterType="com.wx.domain.WxResourceNews">
    <!--
      WARNING - @mbggenerated
      This element is automatically generated by MyBatis Generator, do not modify.
    -->
    update db_wx_resource_news
    <set>
      <if test="itemCount != null">
        itemCount = #{itemCount,jdbcType=INTEGER},
      </if>
      <if test="title1 != null">
        title1 = #{title1,jdbcType=VARCHAR},
      </if>
      <if test="image1 != null">
        image1 = #{image1,jdbcType=VARCHAR},
      </if>
      <if test="href1 != null">
        href1 = #{href1,jdbcType=VARCHAR},
      </if>
      <if test="title2 != null">
        title2 = #{title2,jdbcType=VARCHAR},
      </if>
      <if test="image2 != null">
        image2 = #{image2,jdbcType=VARCHAR},
      </if>
      <if test="href2 != null">
        href2 = #{href2,jdbcType=VARCHAR},
      </if>
      <if test="title3 != null">
        title3 = #{title3,jdbcType=VARCHAR},
      </if>
      <if test="image3 != null">
        image3 = #{image3,jdbcType=VARCHAR},
      </if>
      <if test="href3 != null">
        href3 = #{href3,jdbcType=VARCHAR},
      </if>
      <if test="title4 != null">
        title4 = #{title4,jdbcType=VARCHAR},
      </if>
      <if test="image4 != null">
        image4 = #{image4,jdbcType=VARCHAR},
      </if>
      <if test="href4 != null">
        href4 = #{href4,jdbcType=VARCHAR},
      </if>
      <if test="title5 != null">
        title5 = #{title5,jdbcType=VARCHAR},
      </if>
      <if test="image5 != null">
        image5 = #{image5,jdbcType=VARCHAR},
      </if>
      <if test="href5 != null">
        href5 = #{href5,jdbcType=VARCHAR},
      </if>
      <if test="title6 != null">
        title6 = #{title6,jdbcType=VARCHAR},
      </if>
      <if test="image6 != null">
        image6 = #{image6,jdbcType=VARCHAR},
      </if>
      <if test="href6 != null">
        href6 = #{href6,jdbcType=VARCHAR},
      </if>
      <if test="title7 != null">
        title7 = #{title7,jdbcType=VARCHAR},
      </if>
      <if test="image7 != null">
        image7 = #{image7,jdbcType=VARCHAR},
      </if>
      <if test="href7 != null">
        href7 = #{href7,jdbcType=VARCHAR},
      </if>
      <if test="title8 != null">
        title8 = #{title8,jdbcType=VARCHAR},
      </if>
      <if test="image8 != null">
        image8 = #{image8,jdbcType=VARCHAR},
      </if>
      <if test="href8 != null">
        href8 = #{href8,jdbcType=VARCHAR},
      </if>
      <if test="createTime != null">
        createTime = #{createTime,jdbcType=TIMESTAMP},
      </if>
      <if test="updateTime != null">
        updateTime = #{updateTime,jdbcType=TIMESTAMP},
      </if>
    </set>
    where id = #{id,jdbcType=BIGINT}
  </update>
  <update id="updateByPrimaryKey" parameterType="com.wx.domain.WxResourceNews">
    <!--
      WARNING - @mbggenerated
      This element is automatically generated by MyBatis Generator, do not modify.
    -->
    update db_wx_resource_news
    set itemCount = #{itemCount,jdbcType=INTEGER},
      title1 = #{title1,jdbcType=VARCHAR},
      image1 = #{image1,jdbcType=VARCHAR},
      href1 = #{href1,jdbcType=VARCHAR},
      title2 = #{title2,jdbcType=VARCHAR},
      image2 = #{image2,jdbcType=VARCHAR},
      href2 = #{href2,jdbcType=VARCHAR},
      title3 = #{title3,jdbcType=VARCHAR},
      image3 = #{image3,jdbcType=VARCHAR},
      href3 = #{href3,jdbcType=VARCHAR},
      title4 = #{title4,jdbcType=VARCHAR},
      image4 = #{image4,jdbcType=VARCHAR},
      href4 = #{href4,jdbcType=VARCHAR},
      title5 = #{title5,jdbcType=VARCHAR},
      image5 = #{image5,jdbcType=VARCHAR},
      href5 = #{href5,jdbcType=VARCHAR},
      title6 = #{title6,jdbcType=VARCHAR},
      image6 = #{image6,jdbcType=VARCHAR},
      href6 = #{href6,jdbcType=VARCHAR},
      title7 = #{title7,jdbcType=VARCHAR},
      image7 = #{image7,jdbcType=VARCHAR},
      href7 = #{href7,jdbcType=VARCHAR},
      title8 = #{title8,jdbcType=VARCHAR},
      image8 = #{image8,jdbcType=VARCHAR},
      href8 = #{href8,jdbcType=VARCHAR},
      createTime = #{createTime,jdbcType=TIMESTAMP},
      updateTime = #{updateTime,jdbcType=TIMESTAMP}
    where id = #{id,jdbcType=BIGINT}
  </update>
</mapper>