<?xml version="1.0" encoding="UTF-8"?>
<!DOCTYPE mapper PUBLIC "-//mybatis.org//DTD Mapper 3.0//EN" "http://mybatis.org/dtd/mybatis-3-mapper.dtd">
<mapper namespace="com.wx.mapper.WxScanLoginMapper">
  <resultMap id="BaseResultMap" type="com.wx.domain.WxScanLogin">
    <!--
      WARNING - @mbggenerated
      This element is automatically generated by MyBatis Generator, do not modify.
    -->
    <id column="id" jdbcType="BIGINT" property="id" />
    <result column="sceneid" jdbcType="INTEGER" property="sceneid" />
    <result column="ticket" jdbcType="VARCHAR" property="ticket" />
    <result column="openid" jdbcType="VARCHAR" property="openid" />
    <result column="callbackurl" jdbcType="VARCHAR" property="callbackurl" />
    <result column="expiresTime" jdbcType="TIMESTAMP" property="expiresTime" />
    <result column="isLogin" jdbcType="BIT" property="isLogin" />
    <result column="createTime" jdbcType="TIMESTAMP" property="createTime" />
    <result column="updateTime" jdbcType="TIMESTAMP" property="updateTime" />
  </resultMap>
  <sql id="Example_Where_Clause">
    <!--
      WARNING - @mbggenerated
      This element is automatically generated by MyBatis Generator, do not modify.
    -->
    <where>
      <foreach collection="oredCriteria" item="criteria" separator="or">
        <if test="criteria.valid">
          <trim prefix="(" prefixOverrides="and" suffix=")">
            <foreach collection="criteria.criteria" item="criterion">
              <choose>
                <when test="criterion.noValue">
                  and ${criterion.condition}
                </when>
                <when test="criterion.singleValue">
                  and ${criterion.condition} #{criterion.value}
                </when>
                <when test="criterion.betweenValue">
                  and ${criterion.condition} #{criterion.value} and #{criterion.secondValue}
                </when>
                <when test="criterion.listValue">
                  and ${criterion.condition}
                  <foreach close=")" collection="criterion.value" item="listItem" open="(" separator=",">
                    #{listItem}
                  </foreach>
                </when>
              </choose>
            </foreach>
          </trim>
        </if>
      </foreach>
    </where>
  </sql>
  <sql id="Update_By_Example_Where_Clause">
    <!--
      WARNING - @mbggenerated
      This element is automatically generated by MyBatis Generator, do not modify.
    -->
    <where>
      <foreach collection="example.oredCriteria" item="criteria" separator="or">
        <if test="criteria.valid">
          <trim prefix="(" prefixOverrides="and" suffix=")">
            <foreach collection="criteria.criteria" item="criterion">
              <choose>
                <when test="criterion.noValue">
                  and ${criterion.condition}
                </when>
                <when test="criterion.singleValue">
                  and ${criterion.condition} #{criterion.value}
                </when>
                <when test="criterion.betweenValue">
                  and ${criterion.condition} #{criterion.value} and #{criterion.secondValue}
                </when>
                <when test="criterion.listValue">
                  and ${criterion.condition}
                  <foreach close=")" collection="criterion.value" item="listItem" open="(" separator=",">
                    #{listItem}
                  </foreach>
                </when>
              </choose>
            </foreach>
          </trim>
        </if>
      </foreach>
    </where>
  </sql>
  <sql id="Base_Column_List">
    <!--
      WARNING - @mbggenerated
      This element is automatically generated by MyBatis Generator, do not modify.
    -->
    id, sceneid, ticket, openid, callbackurl, expiresTime, isLogin, createTime, updateTime
  </sql>
  <select id="selectByExample" parameterType="com.wx.domain.WxScanLoginExample" resultMap="BaseResultMap">
    <!--
      WARNING - @mbggenerated
      This element is automatically generated by MyBatis Generator, do not modify.
    -->
    select
    <if test="distinct">
      distinct
    </if>
    <include refid="Base_Column_List" />
    from db_wx_scan_login
    <if test="_parameter != null">
      <include refid="Example_Where_Clause" />
    </if>
    <if test="orderByClause != null">
      order by ${orderByClause}
    </if>
    <if test="limitStart != null and limitStart&gt;=0">
      limit #{limitStart} , #{limitEnd}
    </if>
  </select>
  <select id="selectByPrimaryKey" parameterType="java.lang.Long" resultMap="BaseResultMap">
    <!--
      WARNING - @mbggenerated
      This element is automatically generated by MyBatis Generator, do not modify.
    -->
    select 
    <include refid="Base_Column_List" />
    from db_wx_scan_login
    where id = #{id,jdbcType=BIGINT}
  </select>
  <delete id="deleteByPrimaryKey" parameterType="java.lang.Long">
    <!--
      WARNING - @mbggenerated
      This element is automatically generated by MyBatis Generator, do not modify.
    -->
    delete from db_wx_scan_login
    where id = #{id,jdbcType=BIGINT}
  </delete>
  <delete id="deleteByExample" parameterType="com.wx.domain.WxScanLoginExample">
    <!--
      WARNING - @mbggenerated
      This element is automatically generated by MyBatis Generator, do not modify.
    -->
    delete from db_wx_scan_login
    <if test="_parameter != null">
      <include refid="Example_Where_Clause" />
    </if>
  </delete>
  <insert id="insert" parameterType="com.wx.domain.WxScanLogin">
    <!--
      WARNING - @mbggenerated
      This element is automatically generated by MyBatis Generator, do not modify.
    -->
    <selectKey keyProperty="id" order="AFTER" resultType="java.lang.Long">
      SELECT LAST_INSERT_ID()
    </selectKey>
    insert into db_wx_scan_login (sceneid, ticket, openid, 
      callbackurl, expiresTime, isLogin, 
      createTime, updateTime)
    values (#{sceneid,jdbcType=INTEGER}, #{ticket,jdbcType=VARCHAR}, #{openid,jdbcType=VARCHAR}, 
      #{callbackurl,jdbcType=VARCHAR}, #{expiresTime,jdbcType=TIMESTAMP}, #{isLogin,jdbcType=BIT}, 
      #{createTime,jdbcType=TIMESTAMP}, #{updateTime,jdbcType=TIMESTAMP})
  </insert>
  <insert id="insertSelective" parameterType="com.wx.domain.WxScanLogin">
    <!--
      WARNING - @mbggenerated
      This element is automatically generated by MyBatis Generator, do not modify.
    -->
    <selectKey keyProperty="id" order="AFTER" resultType="java.lang.Long">
      SELECT LAST_INSERT_ID()
    </selectKey>
    insert into db_wx_scan_login
    <trim prefix="(" suffix=")" suffixOverrides=",">
      <if test="sceneid != null">
        sceneid,
      </if>
      <if test="ticket != null">
        ticket,
      </if>
      <if test="openid != null">
        openid,
      </if>
      <if test="callbackurl != null">
        callbackurl,
      </if>
      <if test="expiresTime != null">
        expiresTime,
      </if>
      <if test="isLogin != null">
        isLogin,
      </if>
      <if test="createTime != null">
        createTime,
      </if>
      <if test="updateTime != null">
        updateTime,
      </if>
    </trim>
    <trim prefix="values (" suffix=")" suffixOverrides=",">
      <if test="sceneid != null">
        #{sceneid,jdbcType=INTEGER},
      </if>
      <if test="ticket != null">
        #{ticket,jdbcType=VARCHAR},
      </if>
      <if test="openid != null">
        #{openid,jdbcType=VARCHAR},
      </if>
      <if test="callbackurl != null">
        #{callbackurl,jdbcType=VARCHAR},
      </if>
      <if test="expiresTime != null">
        #{expiresTime,jdbcType=TIMESTAMP},
      </if>
      <if test="isLogin != null">
        #{isLogin,jdbcType=BIT},
      </if>
      <if test="createTime != null">
        #{createTime,jdbcType=TIMESTAMP},
      </if>
      <if test="updateTime != null">
        #{updateTime,jdbcType=TIMESTAMP},
      </if>
    </trim>
  </insert>
  <select id="countByExample" parameterType="com.wx.domain.WxScanLoginExample" resultType="java.lang.Integer">
    <!--
      WARNING - @mbggenerated
      This element is automatically generated by MyBatis Generator, do not modify.
    -->
    select count(*) from db_wx_scan_login
    <if test="_parameter != null">
      <include refid="Example_Where_Clause" />
    </if>
  </select>
  <update id="updateByExampleSelective" parameterType="map">
    <!--
      WARNING - @mbggenerated
      This element is automatically generated by MyBatis Generator, do not modify.
    -->
    update db_wx_scan_login
    <set>
      <if test="record.id != null">
        id = #{record.id,jdbcType=BIGINT},
      </if>
      <if test="record.sceneid != null">
        sceneid = #{record.sceneid,jdbcType=INTEGER},
      </if>
      <if test="record.ticket != null">
        ticket = #{record.ticket,jdbcType=VARCHAR},
      </if>
      <if test="record.openid != null">
        openid = #{record.openid,jdbcType=VARCHAR},
      </if>
      <if test="record.callbackurl != null">
        callbackurl = #{record.callbackurl,jdbcType=VARCHAR},
      </if>
      <if test="record.expiresTime != null">
        expiresTime = #{record.expiresTime,jdbcType=TIMESTAMP},
      </if>
      <if test="record.isLogin != null">
        isLogin = #{record.isLogin,jdbcType=BIT},
      </if>
      <if test="record.createTime != null">
        createTime = #{record.createTime,jdbcType=TIMESTAMP},
      </if>
      <if test="record.updateTime != null">
        updateTime = #{record.updateTime,jdbcType=TIMESTAMP},
      </if>
    </set>
    <if test="_parameter != null">
      <include refid="Update_By_Example_Where_Clause" />
    </if>
  </update>
  <update id="updateByExample" parameterType="map">
    <!--
      WARNING - @mbggenerated
      This element is automatically generated by MyBatis Generator, do not modify.
    -->
    update db_wx_scan_login
    set id = #{record.id,jdbcType=BIGINT},
      sceneid = #{record.sceneid,jdbcType=INTEGER},
      ticket = #{record.ticket,jdbcType=VARCHAR},
      openid = #{record.openid,jdbcType=VARCHAR},
      callbackurl = #{record.callbackurl,jdbcType=VARCHAR},
      expiresTime = #{record.expiresTime,jdbcType=TIMESTAMP},
      isLogin = #{record.isLogin,jdbcType=BIT},
      createTime = #{record.createTime,jdbcType=TIMESTAMP},
      updateTime = #{record.updateTime,jdbcType=TIMESTAMP}
    <if test="_parameter != null">
      <include refid="Update_By_Example_Where_Clause" />
    </if>
  </update>
  <update id="updateByPrimaryKeySelective" parameterType="com.wx.domain.WxScanLogin">
    <!--
      WARNING - @mbggenerated
      This element is automatically generated by MyBatis Generator, do not modify.
    -->
    update db_wx_scan_login
    <set>
      <if test="sceneid != null">
        sceneid = #{sceneid,jdbcType=INTEGER},
      </if>
      <if test="ticket != null">
        ticket = #{ticket,jdbcType=VARCHAR},
      </if>
      <if test="openid != null">
        openid = #{openid,jdbcType=VARCHAR},
      </if>
      <if test="callbackurl != null">
        callbackurl = #{callbackurl,jdbcType=VARCHAR},
      </if>
      <if test="expiresTime != null">
        expiresTime = #{expiresTime,jdbcType=TIMESTAMP},
      </if>
      <if test="isLogin != null">
        isLogin = #{isLogin,jdbcType=BIT},
      </if>
      <if test="createTime != null">
        createTime = #{createTime,jdbcType=TIMESTAMP},
      </if>
      <if test="updateTime != null">
        updateTime = #{updateTime,jdbcType=TIMESTAMP},
      </if>
    </set>
    where id = #{id,jdbcType=BIGINT}
  </update>
  <update id="updateByPrimaryKey" parameterType="com.wx.domain.WxScanLogin">
    <!--
      WARNING - @mbggenerated
      This element is automatically generated by MyBatis Generator, do not modify.
    -->
    update db_wx_scan_login
    set sceneid = #{sceneid,jdbcType=INTEGER},
      ticket = #{ticket,jdbcType=VARCHAR},
      openid = #{openid,jdbcType=VARCHAR},
      callbackurl = #{callbackurl,jdbcType=VARCHAR},
      expiresTime = #{expiresTime,jdbcType=TIMESTAMP},
      isLogin = #{isLogin,jdbcType=BIT},
      createTime = #{createTime,jdbcType=TIMESTAMP},
      updateTime = #{updateTime,jdbcType=TIMESTAMP}
    where id = #{id,jdbcType=BIGINT}
  </update>
</mapper>