<?xml version="1.0" encoding="UTF-8"?>
<!DOCTYPE mapper PUBLIC "-//mybatis.org//DTD Mapper 3.0//EN" "http://mybatis.org/dtd/mybatis-3-mapper.dtd">
<mapper namespace="com.wx.mapper.WxUserMapper">
  <resultMap id="BaseResultMap" type="com.wx.domain.WxUser">
    <!--
      WARNING - @mbggenerated
      This element is automatically generated by MyBatis Generator, do not modify.
    -->
    <id column="id" jdbcType="BIGINT" property="id" />
    <result column="openid" jdbcType="VARCHAR" property="openid" />
    <result column="nickname" jdbcType="VARCHAR" property="nickname" />
    <result column="imgshow" jdbcType="VARCHAR" property="imgshow" />
    <result column="country" jdbcType="VARCHAR" property="country" />
    <result column="province" jdbcType="VARCHAR" property="province" />
    <result column="city" jdbcType="VARCHAR" property="city" />
    <result column="sex" jdbcType="BIT" property="sex" />
    <result column="isAttention" jdbcType="BIT" property="isAttention" />
    <result column="createTime" jdbcType="TIMESTAMP" property="createTime" />
    <result column="updateTime" jdbcType="TIMESTAMP" property="updateTime" />
  </resultMap>
  <sql id="Example_Where_Clause">
    <!--
      WARNING - @mbggenerated
      This element is automatically generated by MyBatis Generator, do not modify.
    -->
    <where>
      <foreach collection="oredCriteria" item="criteria" separator="or">
        <if test="criteria.valid">
          <trim prefix="(" prefixOverrides="and" suffix=")">
            <foreach collection="criteria.criteria" item="criterion">
              <choose>
                <when test="criterion.noValue">
                  and ${criterion.condition}
                </when>
                <when test="criterion.singleValue">
                  and ${criterion.condition} #{criterion.value}
                </when>
                <when test="criterion.betweenValue">
                  and ${criterion.condition} #{criterion.value} and #{criterion.secondValue}
                </when>
                <when test="criterion.listValue">
                  and ${criterion.condition}
                  <foreach close=")" collection="criterion.value" item="listItem" open="(" separator=",">
                    #{listItem}
                  </foreach>
                </when>
              </choose>
            </foreach>
          </trim>
        </if>
      </foreach>
    </where>
  </sql>
  <sql id="Update_By_Example_Where_Clause">
    <!--
      WARNING - @mbggenerated
      This element is automatically generated by MyBatis Generator, do not modify.
    -->
    <where>
      <foreach collection="example.oredCriteria" item="criteria" separator="or">
        <if test="criteria.valid">
          <trim prefix="(" prefixOverrides="and" suffix=")">
            <foreach collection="criteria.criteria" item="criterion">
              <choose>
                <when test="criterion.noValue">
                  and ${criterion.condition}
                </when>
                <when test="criterion.singleValue">
                  and ${criterion.condition} #{criterion.value}
                </when>
                <when test="criterion.betweenValue">
                  and ${criterion.condition} #{criterion.value} and #{criterion.secondValue}
                </when>
                <when test="criterion.listValue">
                  and ${criterion.condition}
                  <foreach close=")" collection="criterion.value" item="listItem" open="(" separator=",">
                    #{listItem}
                  </foreach>
                </when>
              </choose>
            </foreach>
          </trim>
        </if>
      </foreach>
    </where>
  </sql>
  <sql id="Base_Column_List">
    <!--
      WARNING - @mbggenerated
      This element is automatically generated by MyBatis Generator, do not modify.
    -->
    id, openid, nickname, imgshow, country, province, city, sex, isAttention, createTime, 
    updateTime
  </sql>
  <select id="selectByExample" parameterType="com.wx.domain.WxUserExample" resultMap="BaseResultMap">
    <!--
      WARNING - @mbggenerated
      This element is automatically generated by MyBatis Generator, do not modify.
    -->
    select
    <if test="distinct">
      distinct
    </if>
    <include refid="Base_Column_List" />
    from db_wx_user
    <if test="_parameter != null">
      <include refid="Example_Where_Clause" />
    </if>
    <if test="orderByClause != null">
      order by ${orderByClause}
    </if>
    <if test="limitStart != null and limitStart&gt;=0">
      limit #{limitStart} , #{limitEnd}
    </if>
  </select>
  <select id="selectByPrimaryKey" parameterType="java.lang.Long" resultMap="BaseResultMap">
    <!--
      WARNING - @mbggenerated
      This element is automatically generated by MyBatis Generator, do not modify.
    -->
    select 
    <include refid="Base_Column_List" />
    from db_wx_user
    where id = #{id,jdbcType=BIGINT}
  </select>
  <delete id="deleteByPrimaryKey" parameterType="java.lang.Long">
    <!--
      WARNING - @mbggenerated
      This element is automatically generated by MyBatis Generator, do not modify.
    -->
    delete from db_wx_user
    where id = #{id,jdbcType=BIGINT}
  </delete>
  <delete id="deleteByExample" parameterType="com.wx.domain.WxUserExample">
    <!--
      WARNING - @mbggenerated
      This element is automatically generated by MyBatis Generator, do not modify.
    -->
    delete from db_wx_user
    <if test="_parameter != null">
      <include refid="Example_Where_Clause" />
    </if>
  </delete>
  <insert id="insert" parameterType="com.wx.domain.WxUser">
    <!--
      WARNING - @mbggenerated
      This element is automatically generated by MyBatis Generator, do not modify.
    -->
    <selectKey keyProperty="id" order="AFTER" resultType="java.lang.Long">
      SELECT LAST_INSERT_ID()
    </selectKey>
    insert into db_wx_user (openid, nickname, imgshow, 
      country, province, city, 
      sex, isAttention, createTime, 
      updateTime)
    values (#{openid,jdbcType=VARCHAR}, #{nickname,jdbcType=VARCHAR}, #{imgshow,jdbcType=VARCHAR}, 
      #{country,jdbcType=VARCHAR}, #{province,jdbcType=VARCHAR}, #{city,jdbcType=VARCHAR}, 
      #{sex,jdbcType=BIT}, #{isAttention,jdbcType=BIT}, #{createTime,jdbcType=TIMESTAMP}, 
      #{updateTime,jdbcType=TIMESTAMP})
  </insert>
  <insert id="insertSelective" parameterType="com.wx.domain.WxUser">
    <!--
      WARNING - @mbggenerated
      This element is automatically generated by MyBatis Generator, do not modify.
    -->
    <selectKey keyProperty="id" order="AFTER" resultType="java.lang.Long">
      SELECT LAST_INSERT_ID()
    </selectKey>
    insert into db_wx_user
    <trim prefix="(" suffix=")" suffixOverrides=",">
      <if test="openid != null">
        openid,
      </if>
      <if test="nickname != null">
        nickname,
      </if>
      <if test="imgshow != null">
        imgshow,
      </if>
      <if test="country != null">
        country,
      </if>
      <if test="province != null">
        province,
      </if>
      <if test="city != null">
        city,
      </if>
      <if test="sex != null">
        sex,
      </if>
      <if test="isAttention != null">
        isAttention,
      </if>
      <if test="createTime != null">
        createTime,
      </if>
      <if test="updateTime != null">
        updateTime,
      </if>
    </trim>
    <trim prefix="values (" suffix=")" suffixOverrides=",">
      <if test="openid != null">
        #{openid,jdbcType=VARCHAR},
      </if>
      <if test="nickname != null">
        #{nickname,jdbcType=VARCHAR},
      </if>
      <if test="imgshow != null">
        #{imgshow,jdbcType=VARCHAR},
      </if>
      <if test="country != null">
        #{country,jdbcType=VARCHAR},
      </if>
      <if test="province != null">
        #{province,jdbcType=VARCHAR},
      </if>
      <if test="city != null">
        #{city,jdbcType=VARCHAR},
      </if>
      <if test="sex != null">
        #{sex,jdbcType=BIT},
      </if>
      <if test="isAttention != null">
        #{isAttention,jdbcType=BIT},
      </if>
      <if test="createTime != null">
        #{createTime,jdbcType=TIMESTAMP},
      </if>
      <if test="updateTime != null">
        #{updateTime,jdbcType=TIMESTAMP},
      </if>
    </trim>
  </insert>
  <select id="countByExample" parameterType="com.wx.domain.WxUserExample" resultType="java.lang.Integer">
    <!--
      WARNING - @mbggenerated
      This element is automatically generated by MyBatis Generator, do not modify.
    -->
    select count(*) from db_wx_user
    <if test="_parameter != null">
      <include refid="Example_Where_Clause" />
    </if>
  </select>
  <update id="updateByExampleSelective" parameterType="map">
    <!--
      WARNING - @mbggenerated
      This element is automatically generated by MyBatis Generator, do not modify.
    -->
    update db_wx_user
    <set>
      <if test="record.id != null">
        id = #{record.id,jdbcType=BIGINT},
      </if>
      <if test="record.openid != null">
        openid = #{record.openid,jdbcType=VARCHAR},
      </if>
      <if test="record.nickname != null">
        nickname = #{record.nickname,jdbcType=VARCHAR},
      </if>
      <if test="record.imgshow != null">
        imgshow = #{record.imgshow,jdbcType=VARCHAR},
      </if>
      <if test="record.country != null">
        country = #{record.country,jdbcType=VARCHAR},
      </if>
      <if test="record.province != null">
        province = #{record.province,jdbcType=VARCHAR},
      </if>
      <if test="record.city != null">
        city = #{record.city,jdbcType=VARCHAR},
      </if>
      <if test="record.sex != null">
        sex = #{record.sex,jdbcType=BIT},
      </if>
      <if test="record.isAttention != null">
        isAttention = #{record.isAttention,jdbcType=BIT},
      </if>
      <if test="record.createTime != null">
        createTime = #{record.createTime,jdbcType=TIMESTAMP},
      </if>
      <if test="record.updateTime != null">
        updateTime = #{record.updateTime,jdbcType=TIMESTAMP},
      </if>
    </set>
    <if test="_parameter != null">
      <include refid="Update_By_Example_Where_Clause" />
    </if>
  </update>
  <update id="updateByExample" parameterType="map">
    <!--
      WARNING - @mbggenerated
      This element is automatically generated by MyBatis Generator, do not modify.
    -->
    update db_wx_user
    set id = #{record.id,jdbcType=BIGINT},
      openid = #{record.openid,jdbcType=VARCHAR},
      nickname = #{record.nickname,jdbcType=VARCHAR},
      imgshow = #{record.imgshow,jdbcType=VARCHAR},
      country = #{record.country,jdbcType=VARCHAR},
      province = #{record.province,jdbcType=VARCHAR},
      city = #{record.city,jdbcType=VARCHAR},
      sex = #{record.sex,jdbcType=BIT},
      isAttention = #{record.isAttention,jdbcType=BIT},
      createTime = #{record.createTime,jdbcType=TIMESTAMP},
      updateTime = #{record.updateTime,jdbcType=TIMESTAMP}
    <if test="_parameter != null">
      <include refid="Update_By_Example_Where_Clause" />
    </if>
  </update>
  <update id="updateByPrimaryKeySelective" parameterType="com.wx.domain.WxUser">
    <!--
      WARNING - @mbggenerated
      This element is automatically generated by MyBatis Generator, do not modify.
    -->
    update db_wx_user
    <set>
      <if test="openid != null">
        openid = #{openid,jdbcType=VARCHAR},
      </if>
      <if test="nickname != null">
        nickname = #{nickname,jdbcType=VARCHAR},
      </if>
      <if test="imgshow != null">
        imgshow = #{imgshow,jdbcType=VARCHAR},
      </if>
      <if test="country != null">
        country = #{country,jdbcType=VARCHAR},
      </if>
      <if test="province != null">
        province = #{province,jdbcType=VARCHAR},
      </if>
      <if test="city != null">
        city = #{city,jdbcType=VARCHAR},
      </if>
      <if test="sex != null">
        sex = #{sex,jdbcType=BIT},
      </if>
      <if test="isAttention != null">
        isAttention = #{isAttention,jdbcType=BIT},
      </if>
      <if test="createTime != null">
        createTime = #{createTime,jdbcType=TIMESTAMP},
      </if>
      <if test="updateTime != null">
        updateTime = #{updateTime,jdbcType=TIMESTAMP},
      </if>
    </set>
    where id = #{id,jdbcType=BIGINT}
  </update>
  <update id="updateByPrimaryKey" parameterType="com.wx.domain.WxUser">
    <!--
      WARNING - @mbggenerated
      This element is automatically generated by MyBatis Generator, do not modify.
    -->
    update db_wx_user
    set openid = #{openid,jdbcType=VARCHAR},
      nickname = #{nickname,jdbcType=VARCHAR},
      imgshow = #{imgshow,jdbcType=VARCHAR},
      country = #{country,jdbcType=VARCHAR},
      province = #{province,jdbcType=VARCHAR},
      city = #{city,jdbcType=VARCHAR},
      sex = #{sex,jdbcType=BIT},
      isAttention = #{isAttention,jdbcType=BIT},
      createTime = #{createTime,jdbcType=TIMESTAMP},
      updateTime = #{updateTime,jdbcType=TIMESTAMP}
    where id = #{id,jdbcType=BIGINT}
  </update>
   <delete id="delUserBind" parameterType="java.lang.String">
    delete from chngc_mobile.m_user_third
    where openid = #{openid}
  </delete>
</mapper>