<?xml version="1.0" encoding="utf-8"?>
<beans xmlns="http://www.springframework.org/schema/beans"
       xmlns:xsi="http://www.w3.org/2001/XMLSchema-instance"
       xsi:schemaLocation="http://www.springframework.org/schema/beans
		http://www.springframework.org/schema/beans/spring-beans-3.0.xsd"
       default-autowire="byName">

    <!-- jedis pool配置 -->
    <bean id="jedisPoolConfig" class="redis.clients.jedis.JedisPoolConfig">
        <property name="maxTotal" value="${redis.maxActive}" />
        <property name="maxIdle" value="${redis.maxIdle}" />
        <property name="maxWaitMillis" value="${redis.maxWait}" />
        <property name="testOnBorrow" value="${redis.testOnBorrow}" />
    </bean>

    <!--老的redis，用于单品限购-->
    <bean id="jedisPool1" class="redis.clients.jedis.JedisPool">
        <constructor-arg name="poolConfig" ref="jedisPoolConfig"/>
        <constructor-arg name="host" value="${redis1.host}"/>
        <constructor-arg name="port" value="${redis1.port}" type="int"/>
    </bean>

    <!--新的redis，用于实名制校验-->
    <bean id="jedisSentinelPool2" class="redis.clients.jedis.JedisSentinelPool">
        <constructor-arg index="0" value="mymaster" />
        <constructor-arg index="1">
            <set>
                <value>${redis2.sentinels}</value>
            </set>
        </constructor-arg>
        <constructor-arg index="2" ref="jedisPoolConfig" />
    </bean>

    <bean class="com.chngc.order.background.JedisUtil1" />
    <bean class="com.chngc.order.background.JedisUtil2" />

</beans>