<?xml version="1.0" encoding="UTF-8" ?>
<!DOCTYPE mapper PUBLIC "-//mybatis.org//DTD Mapper 3.0//EN" "http://mybatis.org/dtd/mybatis-3-mapper.dtd" >
<mapper namespace="com.chngc.front.dao.EsAfterSaleChangeMapper" >
  <resultMap id="BaseResultMap" type="com.chngc.front.entity.EsAfterSaleChange" >
    <id column="id" property="id" jdbcType="INTEGER" />
    <result column="serv_num" property="servNum" jdbcType="VARCHAR" />
    <result column="order_id" property="orderId" jdbcType="INTEGER" />
    <result column="member_id" property="memberId" jdbcType="INTEGER" />
    <result column="member_account" property="memberAccount" jdbcType="VARCHAR" />
    <result column="serv_type" property="servType" jdbcType="VARCHAR" />
    <result column="serv_reason" property="servReason" jdbcType="VARCHAR" />
    <result column="buyer_delivery_company" property="buyerDeliveryCompany" jdbcType="VARCHAR" />
    <result column="buyer_delivery_billno" property="buyerDeliveryBillno" jdbcType="VARCHAR" />
    <result column="saler_delivery_company" property="salerDeliveryCompany" jdbcType="VARCHAR" />
    <result column="saler_delivery_billno" property="salerDeliveryBillno" jdbcType="VARCHAR" />
    <result column="status" property="status" jdbcType="VARCHAR" />
    <result column="receive_name" property="receiveName" jdbcType="VARCHAR" />
    <result column="receive_mobile" property="receiveMobile" jdbcType="VARCHAR" />
    <result column="department_id" property="departmentId" jdbcType="VARCHAR" />
    <result column="receive_address" property="receiveAddress" jdbcType="VARCHAR" />
    <result column="receive_email" property="receiveEmail" jdbcType="VARCHAR" />
    <result column="is_send_sms" property="isSendSms" jdbcType="VARCHAR" />
    <result column="create_user" property="createUser" jdbcType="VARCHAR" />
    <result column="create_time" property="createTime" jdbcType="TIMESTAMP" />
    <result column="modify_user" property="modifyUser" jdbcType="VARCHAR" />
    <result column="modify_time" property="modifyTime" jdbcType="TIMESTAMP" />
    <result column="create_user_account" property="createUserAccount" jdbcType="VARCHAR" />
    <result column="storehouse_adscription" property="storehouseAdscription" jdbcType="VARCHAR" />
    <result column="material_num" property="materialNum" jdbcType="INTEGER" />
    <result column="is_have_invoice" property="isHaveInvoice" jdbcType="VARCHAR" />
    <result column="is_have_shoppingInfo" property="isHaveShoppinginfo" jdbcType="VARCHAR" />
    <result column="is_have_certificate" property="isHaveCertificate" jdbcType="VARCHAR" />
    <result column="is_have_guarantee" property="isHaveGuarantee" jdbcType="VARCHAR" />
    <result column="question_desc" property="questionDesc" jdbcType="LONGVARCHAR" />
    <result column="question_img" property="questionImg" jdbcType="LONGVARCHAR" />
    <result column="material_info" property="materialInfo" jdbcType="LONGVARCHAR" />
  </resultMap>
  <delete id="deleteByPrimaryKey" parameterType="java.lang.Integer" >
    delete from es_after_sale_change
    where id = #{id,jdbcType=INTEGER}
  </delete>
  <insert id="insert" parameterType="com.chngc.front.entity.EsAfterSaleChange" >
    insert into es_after_sale_change (id, serv_num, order_id, 
      member_id, member_account, serv_type, 
      serv_reason, buyer_delivery_company, buyer_delivery_billno, 
      saler_delivery_company, saler_delivery_billno, 
      status, receive_name, receive_mobile, 
      department_id, receive_address, receive_email, 
      is_send_sms, create_user, create_time, 
      modify_user, modify_time, create_user_account, 
      storehouse_adscription, material_num, is_have_invoice, 
      is_have_shoppingInfo, is_have_certificate, 
      is_have_guarantee, question_desc, question_img, 
      material_info)
    values (#{id,jdbcType=INTEGER}, #{servNum,jdbcType=VARCHAR}, #{orderId,jdbcType=INTEGER}, 
      #{memberId,jdbcType=INTEGER}, #{memberAccount,jdbcType=VARCHAR}, #{servType,jdbcType=VARCHAR}, 
      #{servReason,jdbcType=VARCHAR}, #{buyerDeliveryCompany,jdbcType=VARCHAR}, #{buyerDeliveryBillno,jdbcType=VARCHAR}, 
      #{salerDeliveryCompany,jdbcType=VARCHAR}, #{salerDeliveryBillno,jdbcType=VARCHAR}, 
      #{status,jdbcType=VARCHAR}, #{receiveName,jdbcType=VARCHAR}, #{receiveMobile,jdbcType=VARCHAR}, 
      #{departmentId,jdbcType=VARCHAR}, #{receiveAddress,jdbcType=VARCHAR}, #{receiveEmail,jdbcType=VARCHAR}, 
      #{isSendSms,jdbcType=VARCHAR}, #{createUser,jdbcType=VARCHAR}, #{createTime,jdbcType=TIMESTAMP}, 
      #{modifyUser,jdbcType=VARCHAR}, #{modifyTime,jdbcType=TIMESTAMP}, #{createUserAccount,jdbcType=VARCHAR}, 
      #{storehouseAdscription,jdbcType=VARCHAR}, #{materialNum,jdbcType=INTEGER}, #{isHaveInvoice,jdbcType=VARCHAR}, 
      #{isHaveShoppinginfo,jdbcType=VARCHAR}, #{isHaveCertificate,jdbcType=VARCHAR}, 
      #{isHaveGuarantee,jdbcType=VARCHAR}, #{questionDesc,jdbcType=LONGVARCHAR}, #{questionImg,jdbcType=LONGVARCHAR}, 
      #{materialInfo,jdbcType=LONGVARCHAR})
  </insert>
  <update id="updateByPrimaryKey" parameterType="com.chngc.front.entity.EsAfterSaleChange" >
    update es_after_sale_change
    set serv_num = #{servNum,jdbcType=VARCHAR},
      order_id = #{orderId,jdbcType=INTEGER},
      member_id = #{memberId,jdbcType=INTEGER},
      member_account = #{memberAccount,jdbcType=VARCHAR},
      serv_type = #{servType,jdbcType=VARCHAR},
      serv_reason = #{servReason,jdbcType=VARCHAR},
      buyer_delivery_company = #{buyerDeliveryCompany,jdbcType=VARCHAR},
      buyer_delivery_billno = #{buyerDeliveryBillno,jdbcType=VARCHAR},
      saler_delivery_company = #{salerDeliveryCompany,jdbcType=VARCHAR},
      saler_delivery_billno = #{salerDeliveryBillno,jdbcType=VARCHAR},
      status = #{status,jdbcType=VARCHAR},
      receive_name = #{receiveName,jdbcType=VARCHAR},
      receive_mobile = #{receiveMobile,jdbcType=VARCHAR},
      department_id = #{departmentId,jdbcType=VARCHAR},
      receive_address = #{receiveAddress,jdbcType=VARCHAR},
      receive_email = #{receiveEmail,jdbcType=VARCHAR},
      is_send_sms = #{isSendSms,jdbcType=VARCHAR},
      create_user = #{createUser,jdbcType=VARCHAR},
      create_time = #{createTime,jdbcType=TIMESTAMP},
      modify_user = #{modifyUser,jdbcType=VARCHAR},
      modify_time = #{modifyTime,jdbcType=TIMESTAMP},
      create_user_account = #{createUserAccount,jdbcType=VARCHAR},
      storehouse_adscription = #{storehouseAdscription,jdbcType=VARCHAR},
      material_num = #{materialNum,jdbcType=INTEGER},
      is_have_invoice = #{isHaveInvoice,jdbcType=VARCHAR},
      is_have_shoppingInfo = #{isHaveShoppinginfo,jdbcType=VARCHAR},
      is_have_certificate = #{isHaveCertificate,jdbcType=VARCHAR},
      is_have_guarantee = #{isHaveGuarantee,jdbcType=VARCHAR},
      question_desc = #{questionDesc,jdbcType=LONGVARCHAR},
      question_img = #{questionImg,jdbcType=LONGVARCHAR},
      material_info = #{materialInfo,jdbcType=LONGVARCHAR}
    where id = #{id,jdbcType=INTEGER}
  </update>
  <select id="selectByPrimaryKey" resultMap="BaseResultMap" parameterType="java.lang.Integer" >
    select id, serv_num, order_id, member_id, member_account, serv_type, serv_reason, 
    buyer_delivery_company, buyer_delivery_billno, saler_delivery_company, saler_delivery_billno, 
    status, receive_name, receive_mobile, department_id, receive_address, receive_email, 
    is_send_sms, create_user, create_time, modify_user, modify_time, create_user_account, 
    storehouse_adscription, material_num, is_have_invoice, is_have_shoppingInfo, is_have_certificate, 
    is_have_guarantee, question_desc, question_img, material_info
    from es_after_sale_change
    where id = #{id,jdbcType=INTEGER}
  </select>
  <select id="selectAll" resultMap="BaseResultMap" >
    select id, serv_num, order_id, member_id, member_account, serv_type, serv_reason, 
    buyer_delivery_company, buyer_delivery_billno, saler_delivery_company, saler_delivery_billno, 
    status, receive_name, receive_mobile, department_id, receive_address, receive_email, 
    is_send_sms, create_user, create_time, modify_user, modify_time, create_user_account, 
    storehouse_adscription, material_num, is_have_invoice, is_have_shoppingInfo, is_have_certificate, 
    is_have_guarantee, question_desc, question_img, material_info
    from es_after_sale_change
  </select>
</mapper>