<?xml version="1.0" encoding="UTF-8" ?>
<!DOCTYPE mapper PUBLIC "-//mybatis.org//DTD Mapper 3.0//EN" "http://mybatis.org/dtd/mybatis-3-mapper.dtd" >
<mapper namespace="com.chngc.front.dao.esAuctionDepositMapper" >
  <resultMap id="BaseResultMap" type="com.chngc.front.entity.esAuctionDeposit" >
    <id column="id" property="id" jdbcType="BIGINT" />
    <result column="member_id" property="memberId" jdbcType="BIGINT" />
    <result column="auction_id" property="auctionId" jdbcType="BIGINT" />
    <result column="is_unfrozen" property="isUnfrozen" jdbcType="TINYINT" />
    <result column="unfrozen_person" property="unfrozenPerson" jdbcType="VARCHAR" />
    <result column="reserve_date" property="reserveDate" jdbcType="TIMESTAMP" />
    <result column="unfrozen_date" property="unfrozenDate" jdbcType="TIMESTAMP" />
  </resultMap>
  <delete id="deleteByPrimaryKey" parameterType="java.lang.Long" >
    delete from es_auction_deposit
    where id = #{id,jdbcType=BIGINT}
  </delete>
  <insert id="insert" parameterType="com.chngc.front.entity.esAuctionDeposit" >
    insert into es_auction_deposit (id, member_id, auction_id, 
      is_unfrozen, unfrozen_person, reserve_date, 
      unfrozen_date)
    values (#{id,jdbcType=BIGINT}, #{memberId,jdbcType=BIGINT}, #{auctionId,jdbcType=BIGINT}, 
      #{isUnfrozen,jdbcType=TINYINT}, #{unfrozenPerson,jdbcType=VARCHAR}, #{reserveDate,jdbcType=TIMESTAMP}, 
      #{unfrozenDate,jdbcType=TIMESTAMP})
  </insert>
  <update id="updateByPrimaryKey" parameterType="com.chngc.front.entity.esAuctionDeposit" >
    update es_auction_deposit
    set member_id = #{memberId,jdbcType=BIGINT},
      auction_id = #{auctionId,jdbcType=BIGINT},
      is_unfrozen = #{isUnfrozen,jdbcType=TINYINT},
      unfrozen_person = #{unfrozenPerson,jdbcType=VARCHAR},
      reserve_date = #{reserveDate,jdbcType=TIMESTAMP},
      unfrozen_date = #{unfrozenDate,jdbcType=TIMESTAMP}
    where id = #{id,jdbcType=BIGINT}
  </update>
  <select id="selectByPrimaryKey" resultMap="BaseResultMap" parameterType="java.lang.Long" >
    select id, member_id, auction_id, is_unfrozen, unfrozen_person, reserve_date, unfrozen_date
    from es_auction_deposit
    where id = #{id,jdbcType=BIGINT}
  </select>
  <select id="selectAll" resultMap="BaseResultMap" >
    select id, member_id, auction_id, is_unfrozen, unfrozen_person, reserve_date, unfrozen_date
    from es_auction_deposit
  </select>
</mapper>