<?xml version="1.0" encoding="UTF-8"?>
<beans xmlns="http://www.springframework.org/schema/beans"
       xmlns:xsi="http://www.w3.org/2001/XMLSchema-instance"
       xmlns:context="http://www.springframework.org/schema/context"
       xmlns:mvc="http://www.springframework.org/schema/mvc"
       xsi:schemaLocation="http://www.springframework.org/schema/beans
                    http://www.springframework.org/schema/beans/spring-beans.xsd
                    http://www.springframework.org/schema/context
                    http://www.springframework.org/schema/context/spring-context.xsd
                    http://www.springframework.org/schema/mvc
                    http://www.springframework.org/schema/mvc/spring-mvc.xsd">

    <context:component-scan base-package="com.chngc.blank.web.controller" />
    <context:component-scan base-package="com.chngc.blank.model" />

    <!-- 启用spring mvc 注解 -->
    <mvc:annotation-driven />
    <!-- 响应静态文件-->
    <mvc:resources mapping="/static/**/**" location="/static/" />

    <import resource="classpath:spring-config/service.xml" />

    <bean id="velocityConfigurer"
          class="org.springframework.web.servlet.view.velocity.VelocityConfigurer">
        <property name="configLocation" value="classpath:conf/velocity.properties"/>
        <property name="resourceLoaderPath" value="/WEB-INF/templates/"/>
    </bean>

    <bean id="viewResolver"
          class="org.springframework.web.servlet.view.velocity.VelocityViewResolver">
        <property name="cache" value="false"/>
        <property name="prefix" value=""/>
        <property name="suffix" value=".html"/>
        <property name="contentType">
            <value>text/html;charset=utf-8</value>
        </property>
        <property name="requestContextAttribute" value="rc"/>
        <property name="viewClass" value="com.chngc.blank.web.util.VelocityToolboxView20"/>
        <property name="toolboxConfigLocation">
            <value>/WEB-INF/classes/conf/velocity-tools.xml</value>
        </property>
        <!-- 多ViewResovler配置 -->
        <property name="order" value="0"/>
    </bean>

    <!-- 启动Spring MVC的注解功能，完成请求和注解POJO的映射 -->
    <bean class="org.springframework.web.servlet.mvc.annotation.AnnotationMethodHandlerAdapter" />

    <!--解析返回JSON -->
    <bean class="org.springframework.web.servlet.mvc.method.annotation.RequestMappingHandlerAdapter">
        <property name="messageConverters">
            <list >
             <ref bean="mappingJacksonHttpMessageConverter" />
            </list>
        </property>
    </bean>
    
    <bean id="mappingJacksonHttpMessageConverter" class="org.springframework.http.converter.json.MappingJackson2HttpMessageConverter">
        <property name="supportedMediaTypes">
            <list>
                <value>text/html;charset=UTF-8</value>
            </list>
        </property>
    </bean>
    
    <!-- SpringMVC上传文件时,需配置MultipartResolver处理器 -->
    <bean id="multipartResolver" class="org.springframework.web.multipart.commons.CommonsMultipartResolver">
        <!-- 指定所上传文件的总大小不能超过800KB......注意maxUploadSize属性的限制不是针对单个文件,而是所有文件的容量之和 -->
        <property name="maxUploadSize" value="800000000000000000"/>
    </bean>
    
    
    <!-- SpringMVC在超出上传文件限制时,会抛出org.springframework.web.multipart.MaxUploadSizeExceededException -->
    <bean id="exceptionResolver" class="org.springframework.web.servlet.handler.SimpleMappingExceptionResolver">
        <property name="exceptionMappings">
            <props>
                <!-- 遇到MaxUploadSizeExceededException异常时,自动跳转到/WEB-INF/jsp/error_fileupload.jsp页面 -->
                <prop key="org.springframework.web.multipart.MaxUploadSizeExceededException">fileSizeUploadError</prop>
            </props>
        </property>
    </bean>

    <mvc:default-servlet-handler/>

</beans>